team,player_id,player_name,AVG,G,PA,AB,R,H,2B,3B,HR,TB,RBI,SB,CS,SAC,SF,BB,IBB,HBP,SO,GDP,SLG,OBP,E,SB%,MH,OPS,RISP,PH-BA,SBA,power,contact,batting_eye,speed,style
LG,66162,김주성,0.5,8,4,4,2,2,0,0,1,5,1,0,1,0,0,0,0,0,0,0,1.25,0.5,1,0.0,0,1.75,0.0,1.0,1.0,0.519,0.545,0.572,0.516,4
LG,52105,김성우,0.333,3,3,3,0,1,0,0,0,1,1,0,0,0,0,0,0,0,1,0,0.333,0.333,0,0.0,0,0.666,0.5,0.0,0.0,0.5,0.511,0.535,0.5,4
LG,52103,최원영,0.314,59,39,35,20,11,2,0,0,13,1,7,2,1,1,0,0,2,7,1,0.371,0.342,0,77.8,0,0.713,0.3,0.667,9.0,0.5,0.757,0.688,0.645,2
LG,69102,문보경,0.296,72,318,260,52,77,11,1,13,129,55,2,0,0,5,50,2,3,50,7,0.496,0.409,8,100.0,23,0.905,0.25,0.0,2.0,0.741,0.844,0.903,0.532,0
LG,76290,김현수,0.293,73,285,246,38,72,12,0,7,105,51,1,0,0,1,35,0,3,39,7,0.427,0.386,2,100.0,17,0.813,0.415,0.5,1.0,0.63,0.844,0.871,0.516,0
LG,65207,신민재,0.286,65,221,185,32,53,3,0,0,56,23,8,5,4,1,30,0,1,21,1,0.303,0.387,3,61.5,12,0.69,0.408,1.0,13.0,0.5,0.806,0.858,0.71,1
LG,53123,오스틴,0.281,69,288,242,48,68,11,0,19,136,53,2,0,0,5,41,6,0,38,6,0.562,0.378,4,100.0,19,0.94,0.254,0.0,2.0,0.852,0.822,0.863,0.532,0
LG,79365,박동원,0.28,70,254,214,36,60,9,0,14,111,43,3,0,2,4,32,1,2,55,4,0.519,0.373,4,100.0,17,0.892,0.25,0.167,3.0,0.759,0.813,0.82,0.548,0
LG,68119,문성주,0.274,65,248,219,21,60,8,1,0,70,25,3,3,0,2,27,0,0,30,4,0.32,0.351,1,50.0,17,0.671,0.316,0.2,6.0,0.5,0.797,0.806,0.597,3
LG,66108,홍창기,0.269,38,169,134,24,36,3,0,1,42,15,2,0,2,3,24,0,6,35,4,0.313,0.395,0,100.0,8,0.708,0.188,0.0,2.0,0.519,0.666,0.705,0.532,3
LG,62415,박해민,0.256,74,287,227,36,58,8,2,0,70,16,21,10,13,1,42,0,4,60,5,0.308,0.38,1,67.7,12,0.688,0.164,0.0,31.0,0.5,0.828,0.861,1.0,1
LG,69100,구본혁,0.251,69,219,191,20,48,10,1,1,63,22,2,3,6,0,18,0,4,25,2,0.33,0.329,3,40.0,13,0.659,0.278,0.0,5.0,0.519,0.805,0.789,0.581,2
LG,52154,이주헌,0.246,38,88,69,14,17,1,0,2,24,5,0,0,1,0,12,0,6,19,0,0.348,0.402,0,0.0,4,0.75,0.118,0.25,0.0,0.537,0.659,0.704,0.5,3
LG,68110,송찬의,0.221,60,154,136,17,30,9,1,3,50,20,1,2,1,1,8,0,8,45,3,0.368,0.301,1,33.3,7,0.669,0.25,0.3,3.0,0.556,0.73,0.662,0.548,3
LG,79109,오지환,0.218,61,206,179,23,39,10,0,6,67,26,5,3,5,4,15,0,3,52,1,0.374,0.284,3,62.5,10,0.658,0.255,0.167,8.0,0.611,0.74,0.679,0.629,0
LG,51100,이영빈,0.209,38,70,67,11,14,1,1,3,26,7,1,0,1,1,1,0,0,33,1,0.388,0.217,0,100.0,1,0.605,0.222,0.0,1.0,0.556,0.621,0.528,0.516,4
LG,54156,손용준,0.2,4,10,10,1,2,0,0,0,2,0,0,0,0,0,0,0,0,3,2,0.2,0.2,1,0.0,0,0.4,0.0,0.0,0.0,0.5,0.512,0.532,0.5,4
LG,50108,함창건,0.2,12,28,25,2,5,2,0,0,7,2,0,0,0,1,2,0,0,5,1,0.28,0.25,0,0.0,1,0.53,0.143,0.0,0.0,0.5,0.544,0.559,0.5,4
LG,67504,김민수,0.182,10,13,11,0,2,0,0,0,2,1,1,0,0,1,1,0,0,6,0,0.182,0.231,0,100.0,0,0.413,0.0,0.0,1.0,0.5,0.53,0.538,0.516,4
LG,52121,문정빈,0.179,19,31,28,5,5,0,0,2,11,4,0,0,0,0,1,0,2,9,0,0.393,0.258,0,0.0,1,0.651,0.111,0.333,0.0,0.537,0.565,0.559,0.5,4
LG,55167,김영우,0.0,2,0,0,0,0,0,0,0,0,0,0,0,0,0,0,0,0,0,0,0.0,0.0,0,0.0,0,0.0,0.0,0.0,0.0,0.5,,,0.5,3
LG,75867,김진성,0.0,1,0,0,0,0,0,0,0,0,0,0,0,0,0,0,0,0,0,0,0.0,0.0,0,0.0,0,0.0,0.0,0.0,0.0,0.5,,,0.5,3
LG,55164,박관우,0.0,1,1,1,0,0,0,0,0,0,0,0,0,0,0,0,0,0,0,0,0.0,0.0,1,0.0,0,0.0,0.0,0.0,0.0,0.5,0.502,0.53,0.5,4
LG,53139,박명근,0.0,4,0,0,0,0,0,0,0,0,0,0,0,0,0,0,0,0,0,0,0.0,0.0,0,0.0,0,0.0,0.0,0.0,0.0,0.5,,,0.5,3
LG,51526,우강훈,0.0,2,0,0,0,0,0,0,0,0,0,0,0,0,0,0,0,0,0,0,0.0,0.0,0,0.0,0,0.0,0.0,0.0,0.0,0.5,,,0.5,3
LG,50106,유영찬,0.0,1,0,0,0,0,0,0,0,0,0,0,0,0,0,0,0,0,0,0,0.0,0.0,0,0.0,0,0.0,0.0,0.0,0.0,0.5,,,0.5,3
LG,61145,이우찬,0.0,1,0,0,0,0,0,0,0,0,0,0,0,0,0,0,0,0,0,0,0.0,0.0,0,0.0,0,0.0,0.0,0.0,0.0,0.5,,,0.5,3
LG,69108,이지강,0.0,1,0,0,0,0,0,0,0,0,0,0,0,0,0,0,0,0,0,0,0.0,0.0,0,0.0,0,0.0,0.0,0.0,0.0,0.5,,,0.5,3
LG,63950,장현식,0.0,1,0,0,0,0,0,0,0,0,0,0,0,0,0,0,0,0,0,0,0.0,0.0,0,0.0,0,0.0,0.0,0.0,0.0,0.5,,,0.5,3
LG,65905,최승민,0.0,2,1,1,0,0,0,0,0,0,0,0,0,0,0,0,0,0,0,0,0.0,0.0,0,0.0,0,0.0,0.0,0.0,0.0,0.5,0.505,0.53,0.5,4
HH,55712,이승현,1.0,4,1,1,1,1,0,1,0,3,1,0,0,0,0,0,0,0,0,0,3.0,1.0,0,0.0,0,4.0,1.0,1.0,0.0,0.5,0.534,0.572,0.5,4
HH,51762,장규현,1.0,1,1,1,0,1,0,0,0,1,0,0,0,0,0,0,0,0,0,0,1.0,1.0,0,0.0,0,2.0,0.0,0.0,0.0,0.5,0.508,0.54,0.5,4
HH,52764,허인서,1.0,2,1,1,0,1,1,0,0,2,1,0,0,0,0,0,0,0,0,0,2.0,1.0,0,0.0,0,3.0,1.0,1.0,0.0,0.5,0.517,0.551,0.5,4
HH,55703,리베라토,0.6,1,5,5,1,3,1,0,0,4,1,0,0,0,0,0,0,0,1,0,0.8,0.6,0,0.0,1,1.4,1.0,0.0,0.0,0.5,0.505,0.535,0.5,4
HH,53764,문현빈,0.326,71,291,261,33,85,16,1,8,127,37,11,2,2,3,20,2,5,42,1,0.487,0.381,1,84.6,26,0.868,0.277,0.25,13.0,0.648,0.845,0.815,0.71,2
HH,78288,최재훈,0.303,59,167,122,16,37,7,0,0,44,15,1,1,5,4,24,0,12,20,2,0.361,0.451,2,50.0,10,0.812,0.345,0.0,2.0,0.5,0.782,0.865,0.532,3
HH,66657,이진영,0.295,61,221,193,28,57,11,0,7,89,28,1,3,0,4,22,0,2,50,5,0.461,0.367,0,25.0,14,0.828,0.25,1.0,4.0,0.63,0.772,0.759,0.565,2
HH,79192,채은성,0.291,73,287,261,29,76,18,1,10,126,38,0,1,3,0,17,1,6,64,2,0.483,0.349,4,0.0,21,0.832,0.333,0.0,1.0,0.685,0.829,0.76,0.516,2
HH,52704,이상혁,0.286,32,8,7,10,2,1,0,0,3,1,3,4,1,0,0,0,0,2,0,0.429,0.286,0,42.9,0,0.715,0.333,0.0,7.0,0.5,0.628,0.585,0.613,4
HH,55734,플로리얼,0.271,65,285,258,36,70,18,2,8,116,29,13,3,0,2,24,2,1,65,2,0.45,0.333,5,81.3,21,0.783,0.222,0.0,16.0,0.648,0.784,0.739,0.758,2
HH,62700,하주석,0.271,37,121,107,15,29,7,0,0,36,10,1,1,4,0,7,0,3,31,4,0.336,0.333,0,50.0,9,0.669,0.379,0.25,2.0,0.5,0.652,0.633,0.532,4
HH,50707,최인호,0.264,48,99,87,5,23,4,0,1,30,10,1,0,1,0,8,0,3,15,4,0.345,0.347,0,100.0,3,0.692,0.28,0.417,1.0,0.519,0.705,0.709,0.516,3
HH,65703,이도윤,0.254,57,142,130,17,33,5,3,0,44,24,1,0,5,1,5,0,1,24,2,0.338,0.285,2,100.0,6,0.623,0.302,0.25,1.0,0.5,0.737,0.673,0.516,2
HH,66704,김태연,0.239,62,174,159,19,38,6,0,1,47,9,4,2,3,0,8,0,4,38,3,0.296,0.292,2,66.7,8,0.588,0.147,0.077,6.0,0.519,0.751,0.68,0.597,3
HH,54795,황영묵,0.238,67,203,181,25,43,11,0,1,57,11,1,3,1,1,18,0,2,27,3,0.315,0.312,5,25.0,10,0.627,0.146,0.375,4.0,0.519,0.786,0.768,0.565,3
HH,69737,노시환,0.234,73,317,278,47,65,12,1,13,118,49,10,3,0,2,32,6,5,70,7,0.424,0.322,10,76.9,17,0.746,0.308,0.0,13.0,0.741,0.81,0.772,0.71,0
HH,52769,권광민,0.222,6,9,9,1,2,1,0,0,3,0,0,0,0,0,0,0,0,1,1,0.333,0.222,0,0.0,0,0.555,0.0,0.333,0.0,0.5,0.522,0.54,0.5,4
HH,76812,이재원,0.215,61,91,79,1,17,0,1,0,19,6,1,1,3,3,6,0,0,20,2,0.241,0.261,2,50.0,1,0.502,0.174,0.0,2.0,0.5,0.731,0.67,0.532,3
HH,68700,이원석,0.183,63,82,71,27,13,1,0,2,20,11,13,2,0,0,8,0,3,18,3,0.282,0.293,1,86.7,3,0.575,0.24,0.5,15.0,0.537,0.733,0.718,0.742,1
HH,50704,임종찬,0.167,17,35,30,2,5,1,0,1,9,2,2,0,0,0,5,0,0,13,0,0.3,0.286,1,100.0,1,0.586,0.2,0.0,2.0,0.519,0.556,0.574,0.532,4
HH,64006,심우준,0.165,34,105,97,10,16,3,1,1,24,10,3,0,4,0,3,0,1,21,0,0.247,0.198,3,100.0,2,0.445,0.25,0.0,3.0,0.519,0.62,0.575,0.548,4
HH,79608,안치홍,0.159,36,117,107,7,17,3,0,1,23,11,1,0,1,0,9,1,0,26,3,0.215,0.224,1,100.0,3,0.439,0.269,0.5,1.0,0.519,0.626,0.602,0.516,4
HH,69766,유로결,0.143,10,9,7,0,1,0,0,0,1,0,0,0,1,0,0,0,1,2,0,0.143,0.25,0,0.0,0,0.393,0.0,0.0,0.0,0.5,0.533,0.545,0.5,4
HH,53754,김서현,0.0,3,0,0,0,0,0,0,0,0,0,0,0,0,0,0,0,0,0,0,0.0,0.0,0,0.0,0,0.0,0.0,0.0,0.0,0.5,,,0.5,3
HH,50711,김승일,0.0,1,0,0,0,0,0,0,0,0,0,0,0,0,0,0,0,0,0,0,0.0,0.0,0,0.0,0,0.0,0.0,0.0,0.0,0.5,,,0.5,3
HH,66715,김인환,0.0,4,8,8,0,0,0,0,0,0,0,0,0,0,0,0,0,0,4,0,0.0,0.0,1,0.0,0,0.0,0.0,0.0,0.0,0.5,0.506,0.519,0.5,4
HH,63765,김종수,0.0,1,0,0,0,0,0,0,0,0,0,0,0,0,0,0,0,0,0,0,0.0,0.0,0,0.0,0,0.0,0.0,0.0,0.0,0.5,,,0.5,3
HH,55710,이민재,0.0,3,4,4,0,0,0,0,0,0,0,0,0,0,0,0,0,0,1,1,0.0,0.0,0,0.0,0,0.0,0.0,0.0,0.0,0.5,0.505,0.526,0.5,4
HH,55743,정우주,0.0,1,0,0,0,0,0,0,0,0,0,0,0,0,0,0,0,0,0,0,0.0,0.0,0,0.0,0,0.0,0.0,0.0,0.0,0.5,,,0.5,3
HH,54768,조동욱,0.0,1,0,0,0,0,0,0,0,0,0,0,0,0,0,0,0,0,0,0,0.0,0.0,0,0.0,0,0.0,0.0,0.0,0.0,0.5,,,0.5,3
LT,55530,박찬형,1.0,3,1,1,1,1,0,0,0,1,0,0,0,0,0,0,0,0,0,0,1.0,1.0,0,0.0,0,2.0,0.0,0.0,0.0,0.5,0.525,0.562,0.5,4
LT,52568,한태양,0.356,45,50,45,17,16,5,1,0,23,3,2,2,0,0,5,0,0,14,1,0.511,0.42,2,50.0,2,0.931,0.2,0.0,4.0,0.5,0.703,0.711,0.565,3
LT,54529,레이예스,0.347,75,336,308,44,107,26,0,8,157,59,4,1,0,4,23,5,1,40,10,0.51,0.39,1,80.0,35,0.9,0.386,0.0,5.0,0.648,0.878,0.848,0.581,2
LT,55563,박재엽,0.333,5,11,9,2,3,1,0,1,7,3,0,0,0,0,2,0,0,3,0,0.778,0.455,1,0.0,1,1.233,0.333,0.0,0.0,0.519,0.521,0.556,0.5,4
LT,68205,전민재,0.33,60,228,206,30,68,11,0,3,88,23,2,1,7,1,12,0,2,41,4,0.427,0.371,9,66.7,20,0.798,0.317,0.0,3.0,0.556,0.782,0.743,0.548,2
LT,50500,황성빈,0.324,28,121,111,18,36,3,1,0,41,12,10,2,1,0,7,0,2,14,1,0.369,0.375,2,83.3,12,0.744,0.345,0.0,12.0,0.5,0.631,0.641,0.694,1
LT,68507,장두성,0.303,61,179,155,34,47,3,2,0,54,23,9,3,6,2,14,0,2,35,3,0.348,0.364,2,75.0,14,0.712,0.348,0.0,12.0,0.5,0.774,0.753,0.694,2
LT,52591,윤동희,0.299,53,217,184,34,55,10,0,4,77,29,3,2,1,4,26,1,2,36,7,0.418,0.384,2,60.0,15,0.802,0.279,1.0,5.0,0.574,0.744,0.767,0.581,3
LT,69517,고승민,0.292,65,284,250,39,73,14,1,2,95,25,4,1,2,2,30,0,0,42,5,0.38,0.365,4,80.0,21,0.745,0.225,0.0,5.0,0.537,0.803,0.804,0.581,3
LT,78513,전준우,0.292,74,315,274,34,80,19,1,6,119,46,2,1,3,4,27,1,7,49,7,0.434,0.365,0,66.7,22,0.799,0.322,0.0,3.0,0.611,0.846,0.823,0.548,2
LT,61102,유강남,0.29,57,168,138,22,40,10,0,4,62,20,0,0,2,2,18,0,8,37,6,0.449,0.398,1,0.0,8,0.847,0.238,0.4,0.0,0.574,0.752,0.769,0.5,3
LT,52504,김동혁,0.256,46,58,43,10,11,3,1,0,16,4,8,1,3,0,11,0,1,12,0,0.372,0.418,0,88.9,2,0.79,0.5,0.0,9.0,0.5,0.695,0.776,0.645,1
LT,50150,손호영,0.253,53,210,186,18,47,4,0,2,57,22,3,0,5,3,12,0,4,38,9,0.306,0.307,10,100.0,13,0.613,0.35,0.0,3.0,0.537,0.724,0.684,0.548,2
LT,51551,나승엽,0.246,57,238,199,26,49,9,1,7,81,31,0,0,0,1,36,1,2,35,6,0.407,0.366,4,0.0,11,0.773,0.321,0.0,0.0,0.63,0.751,0.799,0.5,0
LT,77564,김민성,0.242,50,143,124,14,30,5,0,2,41,19,0,1,0,0,17,0,2,26,2,0.331,0.343,2,0.0,8,0.674,0.174,0.25,1.0,0.537,0.709,0.727,0.516,3
LT,54598,이호준,0.235,53,80,68,12,16,3,4,0,27,9,0,0,1,1,7,0,3,18,2,0.397,0.329,6,0.0,4,0.726,0.25,0.0,0.0,0.5,0.71,0.701,0.5,3
LT,60523,정훈,0.229,52,153,144,12,33,10,0,2,49,9,0,0,1,0,8,1,0,34,4,0.34,0.27,1,0.0,6,0.61,0.182,0.154,0.0,0.537,0.704,0.646,0.5,4
LT,68518,정보근,0.223,57,115,103,4,23,4,1,1,32,14,0,0,2,0,9,1,1,25,4,0.311,0.292,2,0.0,3,0.603,0.333,0.0,0.0,0.519,0.722,0.688,0.5,3
LT,51528,손성빈,0.188,18,19,16,3,3,0,0,1,6,3,0,0,1,0,1,0,1,5,1,0.375,0.278,0,0.0,0,0.653,0.143,0.0,0.0,0.519,0.563,0.568,0.5,4
LT,62802,박승욱,0.13,23,26,23,2,3,1,0,0,4,0,1,0,1,0,1,0,1,10,0,0.174,0.2,2,100.0,1,0.374,0.0,0.0,1.0,0.5,0.568,0.541,0.516,4
LT,54567,강성우,0.0,1,0,0,0,0,0,0,0,0,0,0,1,0,0,0,0,0,0,0,0.0,0.0,0,0.0,0,0.0,0.0,0.0,1.0,0.5,,,0.516,3
LT,63543,구승민,0.0,1,0,0,0,0,0,0,0,0,0,0,0,0,0,0,0,0,0,0,0.0,0.0,0,0.0,0,0.0,0.0,0.0,0.0,0.5,,,0.5,3
LT,62528,김원중,0.0,4,0,0,0,0,0,0,0,0,0,0,0,0,0,0,0,0,0,0,0.0,0.0,0,0.0,0,0.0,0.0,0.0,0.0,0.5,,,0.5,3
LT,54503,박준우,0.0,1,0,0,0,0,0,0,0,0,0,0,0,0,0,0,0,0,0,0,0.0,0.0,0,0.0,0,0.0,0.0,0.0,0.0,0.5,,,0.5,3
LT,69594,박진,0.0,1,0,0,0,0,0,0,0,0,0,0,0,0,0,0,0,0,0,0,0.0,0.0,0,0.0,0,0.0,0.0,0.0,0.0,0.5,,,0.5,3
LT,50608,이인한,0.0,4,0,0,0,0,0,0,0,0,0,0,0,0,0,0,0,0,0,0,0.0,0.0,0,0.0,0,0.0,0.0,0.0,0.0,0.5,,,0.5,3
LT,55511,이태경,0.0,1,1,1,0,0,0,0,0,0,0,0,0,0,0,0,0,0,1,0,0.0,0.0,0,0.0,0,0.0,0.0,0.0,0.0,0.5,0.5,0.524,0.5,4
LT,68242,정철원,0.0,1,0,0,0,0,0,0,0,0,0,0,0,0,0,0,0,0,0,0,0.0,0.0,0,0.0,0,0.0,0.0,0.0,0.0,0.5,,,0.5,3
LT,54537,정현수,0.0,1,0,0,0,0,0,0,0,0,0,0,0,0,0,0,0,0,0,0,0.0,0.0,0,0.0,0,0.0,0.0,0.0,0.0,0.5,,,0.5,3
LT,52516,조세진,0.0,7,5,5,0,0,0,0,0,0,0,0,0,0,0,0,0,0,4,0,0.0,0.0,0,0.0,0,0.0,0.0,0.0,0.0,0.5,0.508,0.5,0.5,4
LT,62884,최항,0.0,4,2,2,0,0,0,0,0,0,0,0,0,0,0,0,0,0,1,0,0.0,0.0,1,0.0,0,0.0,0.0,0.0,0.0,0.5,0.506,0.519,0.5,4
LT,55506,한승현,0.0,8,4,3,1,0,0,0,0,0,0,0,0,0,0,1,0,0,1,0,0.0,0.25,0,0.0,0,0.25,0.0,0.0,0.0,0.5,0.521,0.562,0.5,4
SS,67449,김성윤,0.358,60,239,201,47,72,17,3,2,101,29,15,3,6,1,30,0,1,31,2,0.502,0.442,0,83.3,21,0.944,0.455,0.4,18.0,0.537,0.804,0.85,0.79,1
SS,69418,박승규,0.35,22,64,60,11,21,3,0,1,27,4,3,2,0,0,4,0,0,15,2,0.45,0.391,1,60.0,6,0.841,0.25,0.0,5.0,0.519,0.599,0.608,0.581,4
SS,54408,양도근,0.338,60,101,80,15,27,3,0,0,30,6,4,0,5,1,14,0,1,15,3,0.375,0.438,2,100.0,7,0.813,0.143,0.25,4.0,0.5,0.786,0.85,0.565,3
SS,69442,김도환,0.333,2,3,3,0,1,1,0,0,2,1,0,0,0,0,0,0,0,2,0,0.667,0.333,0,0.0,0,1.0,1.0,0.0,0.0,0.5,0.506,0.53,0.5,4
SS,69207,김태근,0.333,11,14,12,2,4,0,0,0,4,0,0,0,0,0,2,0,0,4,0,0.333,0.429,0,0.0,0,0.762,0.0,0.5,0.0,0.5,0.548,0.58,0.5,4
SS,54400,디아즈,0.299,74,318,288,45,86,14,0,27,181,79,1,0,0,3,25,3,2,61,7,0.628,0.355,2,100.0,25,0.983,0.348,1.0,1.0,1.0,0.842,0.795,0.516,0
SS,62234,류지혁,0.293,69,252,215,31,63,9,0,1,75,21,8,2,7,2,21,0,7,41,5,0.349,0.371,1,80.0,18,0.72,0.269,0.333,10.0,0.519,0.818,0.803,0.661,2
SS,50458,김지찬,0.276,46,194,170,33,47,5,2,0,56,13,14,0,3,2,15,0,4,18,2,0.329,0.346,0,100.0,13,0.675,0.275,0.0,14.0,0.5,0.71,0.714,0.726,1
SS,74540,강민호,0.275,64,236,211,16,58,14,0,4,84,35,2,2,0,3,20,2,2,35,6,0.398,0.339,1,50.0,12,0.737,0.344,0.333,4.0,0.574,0.787,0.768,0.565,2
SS,62404,구자욱,0.275,73,312,273,51,75,19,0,12,130,50,0,1,1,4,31,4,3,55,5,0.476,0.35,1,0.0,19,0.826,0.325,0.333,1.0,0.722,0.832,0.81,0.516,2
SS,51407,이창용,0.273,7,13,11,2,3,1,0,1,7,2,1,0,0,0,2,0,0,5,0,0.636,0.385,1,100.0,0,1.021,0.25,0.0,1.0,0.519,0.526,0.556,0.516,4
SS,61404,김헌곤,0.264,40,121,110,17,29,5,0,2,40,6,2,1,2,0,5,0,4,17,4,0.364,0.319,0,66.7,6,0.683,0.115,0.4,3.0,0.537,0.67,0.653,0.548,2
SS,65040,김태훈,0.258,18,33,31,1,8,0,0,1,11,2,1,0,1,0,1,0,0,5,0,0.355,0.281,0,100.0,0,0.636,0.0,0.1,1.0,0.519,0.573,0.575,0.516,4
SS,65586,전병우,0.245,34,63,49,8,12,1,0,1,16,6,0,0,0,0,13,0,1,20,1,0.327,0.413,1,0.0,2,0.74,0.364,0.429,0.0,0.519,0.635,0.696,0.5,4
SS,52415,이재현,0.24,71,283,229,42,55,11,0,7,87,34,4,0,3,5,40,1,6,62,5,0.38,0.361,12,100.0,10,0.741,0.25,0.5,4.0,0.63,0.806,0.826,0.565,0
SS,52430,김영웅,0.234,63,243,222,29,52,10,1,8,88,30,3,2,0,2,18,2,1,77,3,0.396,0.292,6,60.0,11,0.688,0.274,0.0,5.0,0.648,0.748,0.669,0.581,0
SS,66406,안주형,0.214,6,15,14,1,3,0,0,0,3,0,0,1,0,0,1,0,0,4,1,0.214,0.267,1,0.0,0,0.481,0.0,0.0,1.0,0.5,0.521,0.543,0.516,4
SS,75125,박병호,0.203,58,180,148,24,30,3,0,14,75,31,0,0,0,2,25,0,5,52,4,0.507,0.333,1,0.0,8,0.84,0.233,0.0,0.0,0.759,0.723,0.732,0.5,0
SS,68463,윤정빈,0.189,23,43,37,3,7,1,0,0,8,3,0,0,0,2,4,0,0,16,1,0.216,0.256,0,0.0,2,0.472,0.286,0.2,0.0,0.5,0.576,0.57,0.5,4
SS,55438,심재훈,0.172,23,34,29,7,5,0,0,0,5,1,3,1,1,0,4,0,0,10,0,0.172,0.273,0,75.0,2,0.445,0.143,0.0,4.0,0.5,0.579,0.589,0.565,4
SS,66409,이성규,0.172,33,74,58,6,10,2,1,2,20,8,2,1,1,2,9,0,4,26,1,0.345,0.315,1,66.7,1,0.66,0.133,0.0,3.0,0.537,0.614,0.621,0.548,4
SS,65132,김재성,0.135,21,44,37,2,5,1,0,0,6,4,0,0,1,1,3,0,2,15,0,0.162,0.233,0,0.0,1,0.395,0.222,0.0,0.0,0.5,0.566,0.559,0.5,4
SS,69428,이병헌,0.087,21,25,23,1,2,0,0,0,2,0,0,0,0,0,1,0,1,5,0,0.087,0.16,1,0.0,0,0.247,0.0,0.0,0.0,0.5,0.564,0.552,0.5,4
SS,52424,김재혁,0.0,5,3,2,1,0,0,0,0,0,0,0,0,0,0,1,0,0,2,0,0.0,0.333,0,0.0,0,0.333,0.0,0.0,0.0,0.5,0.51,0.547,0.5,4
SS,54460,김호진,0.0,1,0,0,0,0,0,0,0,0,0,0,0,0,0,0,0,0,0,0,0.0,0.0,0,0.0,0,0.0,0.0,0.0,0.0,0.5,,,0.5,3
SS,55455,배찬승,0.0,1,0,0,0,0,0,0,0,0,0,0,0,0,0,0,0,0,0,0,0.0,0.0,0,0.0,0,0.0,0.0,0.0,0.0,0.5,,,0.5,3
SS,69403,양우현,0.0,1,1,1,0,0,0,0,0,0,0,0,0,0,0,0,0,0,1,0,0.0,0.0,0,0.0,0,0.0,0.0,0.0,0.0,0.5,0.5,0.524,0.5,4
SS,54404,육선엽,0.0,1,0,0,0,0,0,0,0,0,0,0,0,0,0,0,0,0,0,0,0.0,0.0,0,0.0,0,0.0,0.0,0.0,0.0,0.5,,,0.5,3
SS,51460,이재희,0.0,1,0,0,0,0,0,0,0,0,0,0,0,0,0,0,0,0,0,0,0.0,0.0,0,0.0,0,0.0,0.0,0.0,0.0,0.5,,,0.5,3
SS,53455,이호성,0.0,1,0,0,0,0,0,0,0,0,0,0,0,0,0,0,0,0,0,0,0.0,0.0,0,0.0,0,0.0,0.0,0.0,0.0,0.5,,,0.5,3
SS,55440,함수호,0.0,1,1,1,0,0,0,0,0,0,0,0,0,0,0,0,0,0,0,0,0.0,0.0,0,0.0,0,0.0,0.0,0.0,0.0,0.5,0.502,0.53,0.5,4
SS,67005,홍현빈,0.0,3,1,1,0,0,0,0,0,0,0,0,0,0,0,0,0,0,1,0,0.0,0.0,0,0.0,0,0.0,0.0,0.0,0.0,0.5,0.502,0.514,0.5,4
SK,52803,김태윤,1.0,5,2,1,0,1,0,0,0,1,0,0,1,0,0,1,0,0,0,0,1.0,1.0,0,0.0,0,2.0,0.0,1.0,1.0,0.5,0.543,0.609,0.516,4
SK,54815,정현승,0.5,3,2,2,0,1,1,0,0,2,0,0,0,0,0,0,0,0,0,0,1.0,0.5,0,0.0,0,1.5,0.0,0.0,0.0,0.5,0.516,0.546,0.5,4
SK,51868,고명준,0.299,70,270,251,21,75,16,1,7,114,34,1,0,0,5,12,0,2,48,4,0.454,0.33,2,100.0,27,0.784,0.233,0.0,1.0,0.63,0.819,0.742,0.516,2
SK,66864,안상현,0.288,38,87,80,14,23,3,1,0,28,3,6,2,1,0,6,0,0,31,1,0.35,0.337,2,75.0,8,0.687,0.235,0.0,8.0,0.5,0.651,0.622,0.629,2
SK,53827,에레디아,0.284,29,131,116,13,33,3,0,2,42,12,0,0,0,1,13,3,1,17,2,0.362,0.359,1,0.0,7,0.721,0.273,0.0,0.0,0.537,0.629,0.651,0.5,4
SK,50854,최지훈,0.279,72,320,290,39,81,11,3,3,107,22,17,5,1,4,22,1,3,53,0,0.369,0.332,3,77.3,22,0.701,0.237,0.25,22.0,0.556,0.829,0.773,0.855,1
SK,62895,한유섬,0.263,69,274,247,28,65,15,0,7,101,35,1,0,1,0,23,2,3,64,3,0.409,0.333,1,100.0,19,0.742,0.286,0.4,1.0,0.63,0.798,0.75,0.516,2
SK,52804,석정우,0.257,19,38,35,3,9,0,0,2,15,3,0,0,0,0,3,0,0,12,1,0.429,0.316,3,0.0,0,0.745,0.143,0.0,0.0,0.537,0.572,0.578,0.5,4
SK,51865,조형우,0.255,49,153,141,12,36,2,0,2,44,14,0,0,1,1,8,0,2,28,2,0.312,0.303,1,0.0,7,0.615,0.244,0.0,0.0,0.537,0.705,0.667,0.5,2
SK,79456,이지영,0.243,37,117,107,8,26,3,1,1,34,9,1,1,3,1,5,0,1,11,3,0.318,0.281,1,50.0,8,0.599,0.108,0.0,2.0,0.519,0.655,0.639,0.532,4
SK,67893,박성한,0.24,71,300,250,38,60,14,0,4,86,24,2,5,2,1,45,1,2,56,3,0.344,0.359,12,28.6,13,0.703,0.246,1.0,7.0,0.574,0.811,0.843,0.613,1
SK,54812,정준재,0.236,70,247,212,32,50,6,1,0,58,14,21,1,5,0,29,0,1,55,3,0.274,0.331,7,95.5,11,0.605,0.288,0.2,22.0,0.5,0.793,0.781,0.855,1
SK,76802,김성현,0.229,31,86,70,11,16,2,0,1,21,7,1,1,4,1,11,0,0,10,2,0.3,0.329,3,50.0,1,0.629,0.235,0.5,2.0,0.519,0.628,0.661,0.532,4
SK,68868,최준우,0.215,56,155,121,16,26,0,0,3,35,22,2,0,2,4,26,0,2,35,1,0.289,0.353,0,100.0,5,0.642,0.314,0.2,2.0,0.556,0.726,0.772,0.532,3
SK,66917,김찬형,0.206,32,68,63,4,13,2,0,0,15,5,0,0,1,0,3,0,1,13,3,0.238,0.254,3,0.0,3,0.492,0.263,0.0,0.0,0.5,0.619,0.599,0.5,4
SK,60558,오태곤,0.203,62,141,118,15,24,6,0,3,39,16,13,3,3,1,18,0,1,38,2,0.331,0.312,1,81.3,8,0.643,0.152,0.25,16.0,0.556,0.736,0.731,0.758,1
SK,55844,맥브룸,0.203,22,80,74,8,15,3,0,4,30,11,0,0,0,0,5,2,1,28,2,0.405,0.263,0,0.0,4,0.668,0.261,0.0,0.0,0.574,0.576,0.565,0.5,4
SK,69804,채현우,0.192,20,30,26,4,5,1,1,0,8,6,1,0,0,1,3,0,0,8,1,0.308,0.267,1,100.0,1,0.575,0.25,0.0,1.0,0.5,0.57,0.579,0.516,4
SK,75847,최정,0.192,34,146,120,20,23,3,0,9,53,26,0,0,0,1,19,2,6,42,5,0.442,0.329,1,0.0,6,0.771,0.233,0.0,0.0,0.667,0.627,0.644,0.5,0
SK,66662,신범수,0.19,20,27,21,1,4,0,0,1,7,3,0,0,0,0,5,0,1,4,0,0.333,0.37,0,0.0,0,0.703,0.2,0.667,0.0,0.519,0.579,0.632,0.5,4
SK,62934,김성욱,0.182,19,34,33,1,6,1,0,0,7,5,1,1,0,0,1,0,0,11,0,0.212,0.206,0,50.0,2,0.418,0.5,0.0,2.0,0.5,0.562,0.545,0.532,4
SK,54805,박지환,0.167,18,54,48,3,8,0,0,0,8,4,0,1,2,1,3,0,0,16,1,0.167,0.212,5,0.0,1,0.379,0.214,0.0,1.0,0.5,0.559,0.553,0.516,4
SK,69813,하재훈,0.167,8,25,24,2,4,0,0,1,7,3,0,0,0,0,1,0,0,12,0,0.292,0.2,1,0.0,0,0.492,0.25,0.0,0.0,0.519,0.523,0.53,0.5,4
SK,50840,현원회,0.15,7,23,20,1,3,1,0,0,4,3,0,0,0,0,3,0,0,8,0,0.2,0.261,0,0.0,0,0.461,0.333,0.0,0.0,0.5,0.522,0.546,0.5,4
SK,68805,최상민,0.143,23,9,7,5,1,0,0,0,1,1,1,1,0,0,1,0,1,5,0,0.143,0.333,0,50.0,0,0.476,0.0,0.0,2.0,0.5,0.567,0.57,0.532,4
SK,67900,김수윤,0.091,7,12,11,0,1,0,0,0,1,0,0,0,0,0,0,0,1,4,0,0.091,0.167,2,0.0,0,0.258,0.0,0.0,0.0,0.5,0.519,0.53,0.5,4
SK,51867,김건우,0.0,1,0,0,0,0,0,0,0,0,0,0,0,0,0,0,0,0,0,0,0.0,0.0,0,0.0,0,0.0,0.0,0.0,0.0,0.5,,,0.5,3
SK,69825,김창평,0.0,4,0,0,1,0,0,0,0,0,0,0,0,0,0,0,0,0,0,0,0.0,0.0,0,0.0,0,0.0,0.0,0.0,0.0,0.5,,,0.5,3
SK,73211,노경은,0.0,1,0,0,0,0,0,0,0,0,0,0,0,0,0,0,0,0,0,0,0.0,0.0,0,0.0,0,0.0,0.0,0.0,0.0,0.5,,,0.5,3
SK,53892,이로운,0.0,1,0,0,0,0,0,0,0,0,0,0,0,0,0,0,0,0,0,0,0.0,0.0,0,0.0,0,0.0,0.0,0.0,0.0,0.5,,,0.5,3
SK,55832,이율예,0.0,1,1,1,0,0,0,0,0,0,0,0,0,0,0,0,0,0,1,0,0.0,0.0,0,0.0,0,0.0,0.0,0.0,0.0,0.5,0.5,0.524,0.5,4
SK,51897,조병현,0.0,2,0,0,0,0,0,0,0,0,0,0,0,0,0,0,0,0,0,0,0.0,0.0,0,0.0,0,0.0,0.0,0.0,0.0,0.5,,,0.5,3
SK,68856,최민준,0.0,1,0,0,0,0,0,0,0,0,0,0,0,0,0,0,0,0,0,0,0.0,0.0,0,0.0,0,0.0,0.0,0.0,0.0,0.5,,,0.5,3
SK,54803,최현석,0.0,1,0,0,0,0,0,0,0,0,0,0,0,0,0,0,0,0,0,0,0.0,0.0,0,0.0,0,0.0,0.0,0.0,0.0,0.5,,,0.5,3
SK,68092,한두솔,0.0,1,0,0,0,0,0,0,0,0,0,0,0,0,0,0,0,0,0,0,0.0,0.0,0,0.0,0,0.0,0.0,0.0,0.0,0.5,,,0.5,3
SK,55897,홍대인,0.0,8,2,2,2,0,0,0,0,0,0,1,0,0,0,0,0,0,1,0,0.0,0.0,0,100.0,0,0.0,0.0,0.0,1.0,0.5,0.514,0.509,0.516,4
NC,51903,김정호,0.444,7,10,9,2,4,0,0,0,4,0,0,0,1,0,0,0,0,4,0,0.444,0.444,0,0.0,1,0.888,0.0,0.0,0.0,0.5,0.532,0.548,0.5,4
NC,62907,박민우,0.331,66,270,236,35,78,16,7,0,108,41,14,6,2,1,23,2,8,39,3,0.458,0.407,5,70.0,24,0.865,0.477,0.0,20.0,0.5,0.823,0.824,0.823,1
NC,54944,데이비슨,0.33,51,200,176,27,58,7,0,14,107,41,0,0,0,5,13,0,6,51,6,0.608,0.385,1,0.0,18,0.993,0.276,0.0,0.0,0.759,0.732,0.705,0.5,0
NC,77532,손아섭,0.302,60,214,192,17,58,9,3,0,73,27,0,2,2,1,19,2,0,26,1,0.38,0.363,0,0.0,15,0.743,0.333,0.0,2.0,0.5,0.78,0.779,0.532,2
NC,50902,김한별,0.3,32,35,30,7,9,0,0,0,9,2,1,0,1,0,1,0,3,3,1,0.3,0.382,1,100.0,1,0.682,0.444,0.0,1.0,0.5,0.645,0.655,0.516,4
NC,69995,서호철,0.299,43,132,117,7,35,4,0,1,42,15,3,3,5,3,5,0,2,20,2,0.359,0.331,3,50.0,7,0.69,0.3,0.25,6.0,0.519,0.691,0.664,0.597,2
NC,79215,박건우,0.284,51,175,148,15,42,11,0,3,62,29,0,2,0,4,20,1,3,22,3,0.419,0.371,2,0.0,12,0.79,0.313,0.5,2.0,0.556,0.732,0.759,0.532,3
NC,63963,권희동,0.259,68,247,189,33,49,16,0,3,74,19,1,2,3,0,46,0,9,42,6,0.392,0.426,1,33.3,13,0.818,0.213,0.0,3.0,0.556,0.809,0.911,0.548,3
NC,51907,김주원,0.251,71,309,267,47,67,8,3,5,96,23,16,5,3,1,31,0,7,54,6,0.36,0.343,16,76.2,15,0.703,0.229,0.0,21.0,0.593,0.814,0.798,0.839,1
NC,54908,고승완,0.25,5,4,4,2,1,0,0,0,1,0,1,0,0,0,0,0,0,1,0,0.25,0.25,0,100.0,0,0.5,0.0,0.0,1.0,0.5,0.518,0.536,0.516,4
NC,50906,박영빈,0.25,15,5,4,8,1,0,0,0,1,1,4,1,0,0,1,0,0,2,0,0.25,0.4,0,80.0,0,0.65,1.0,0.0,5.0,0.5,0.556,0.594,0.581,4
NC,67905,천재환,0.247,69,178,158,25,39,3,2,3,55,15,14,4,3,2,11,0,4,35,1,0.348,0.309,1,77.8,8,0.657,0.243,0.167,18.0,0.556,0.788,0.73,0.79,1
NC,68904,오영수,0.232,24,63,56,2,13,2,0,2,21,9,0,2,0,0,7,0,0,20,0,0.375,0.317,1,0.0,3,0.692,0.214,0.25,2.0,0.537,0.59,0.598,0.532,4
NC,68912,김형준,0.22,57,195,173,22,38,3,1,11,76,32,2,0,1,2,19,0,0,58,1,0.439,0.294,3,100.0,9,0.733,0.292,0.0,2.0,0.704,0.72,0.677,0.532,0
NC,69992,최정원,0.214,35,57,42,15,9,2,0,0,11,2,12,2,2,0,7,0,6,8,0,0.262,0.4,1,85.7,3,0.662,0.143,0.0,14.0,0.5,0.645,0.698,0.726,1
NC,66965,도태훈,0.208,36,67,53,6,11,4,1,0,17,4,2,0,5,0,6,0,3,9,2,0.321,0.323,3,100.0,2,0.644,0.222,0.0,2.0,0.5,0.644,0.662,0.532,4
NC,50996,박시원,0.205,37,50,44,11,9,2,0,1,14,2,1,0,1,0,5,0,0,15,0,0.318,0.286,0,100.0,0,0.604,0.2,0.667,1.0,0.519,0.634,0.623,0.516,4
NC,51344,김휘집,0.201,70,245,219,28,44,8,1,9,81,21,0,0,1,0,17,0,8,51,2,0.37,0.283,12,0.0,12,0.653,0.167,0.333,0.0,0.667,0.779,0.714,0.5,0
NC,64101,한석현,0.2,45,120,100,16,20,4,0,3,33,18,1,1,4,1,10,0,5,22,1,0.33,0.302,0,50.0,6,0.632,0.269,0.167,2.0,0.556,0.676,0.67,0.532,3
NC,50903,한재환,0.185,16,31,27,2,5,0,0,0,5,4,0,0,0,0,2,0,2,14,0,0.185,0.29,0,0.0,0,0.475,0.3,0.2,0.0,0.5,0.551,0.552,0.5,4
NC,69203,송승환,0.143,8,7,7,0,1,0,0,0,1,0,0,0,0,0,0,0,0,3,0,0.143,0.143,0,0.0,0,0.286,0.0,0.25,0.0,0.5,0.522,0.524,0.5,4
NC,62244,박세혁,0.13,30,59,54,5,7,1,0,2,14,7,0,0,0,1,4,0,0,20,3,0.259,0.186,3,0.0,1,0.445,0.158,0.143,0.0,0.537,0.59,0.557,0.5,4
NC,53992,박한결,0.118,8,19,17,2,2,0,0,2,8,3,0,0,0,0,2,0,0,8,0,0.471,0.211,0,0.0,0,0.682,0.25,0.0,0.0,0.537,0.522,0.539,0.5,4
NC,64022,안중열,0.05,10,24,20,1,1,1,0,0,2,4,0,0,0,0,3,0,1,4,0,0.1,0.208,1,0.0,0,0.308,0.143,0.0,0.0,0.5,0.53,0.556,0.5,4
NC,69980,김범준,0.0,1,1,1,0,0,0,0,0,0,0,0,0,0,0,0,0,0,1,0,0.0,0.0,0,0.0,0,0.0,0.0,0.0,0.0,0.5,0.5,0.524,0.5,4
NC,68928,김시훈,0.0,3,0,0,0,0,0,0,0,0,0,0,0,0,0,0,0,0,0,0,0.0,0.0,0,0.0,0,0.0,0.0,0.0,0.0,0.5,,,0.5,3
NC,65949,류진욱,0.0,2,0,0,0,0,0,0,0,0,0,0,0,0,0,0,0,0,0,0,0.0,0.0,0,0.0,0,0.0,0.0,0.0,0.0,0.5,,,0.5,3
NC,64995,배재환,0.0,1,0,0,0,0,0,0,0,0,0,0,0,0,0,0,0,0,0,0,0.0,0.0,0,0.0,0,0.0,0.0,0.0,0.0,0.5,,,0.5,3
NC,54904,손주환,0.0,2,0,0,0,0,0,0,0,0,0,0,0,0,0,0,0,0,0,0,0.0,0.0,0,0.0,0,0.0,0.0,0.0,0.0,0.5,,,0.5,3
NC,69969,전사민,0.0,1,0,0,0,0,0,0,0,0,0,0,0,0,0,0,0,0,0,0,0.0,0.0,0,0.0,0,0.0,0.0,0.0,0.0,0.5,,,0.5,3
NC,55926,정현창,0.0,4,6,6,0,0,0,0,0,0,0,0,0,0,0,0,0,0,1,0,0.0,0.0,0,0.0,0,0.0,0.0,0.0,0.0,0.5,0.509,0.526,0.5,4
NC,51994,한재승,0.0,1,0,0,0,0,0,0,0,0,0,0,0,0,0,0,0,0,0,0,0.0,0.0,0,0.0,0,0.0,0.0,0.0,0.0,0.5,,,0.5,3
OB,67207,이유찬,0.311,24,81,74,11,23,5,1,0,30,7,4,1,0,0,7,0,0,15,3,0.405,0.37,1,80.0,4,0.775,0.3,0.0,5.0,0.5,0.606,0.623,0.581,4
OB,52267,김동준,0.302,17,45,43,3,13,3,0,1,19,6,0,1,1,0,1,0,0,10,0,0.442,0.318,1,0.0,2,0.76,0.313,0.333,1.0,0.519,0.571,0.571,0.516,4
OB,76232,양의지,0.294,71,289,248,32,73,13,0,12,122,45,0,0,0,3,35,2,3,38,6,0.492,0.384,4,0.0,17,0.876,0.32,0.0,0.0,0.722,0.836,0.861,0.5,0
OB,55208,케이브,0.285,66,286,263,32,75,13,1,4,102,30,9,0,0,3,18,1,2,60,2,0.388,0.332,1,100.0,24,0.72,0.25,0.0,9.0,0.574,0.795,0.733,0.645,2
OB,50208,오명진,0.277,51,184,166,19,46,7,2,1,60,24,3,0,2,1,14,0,1,39,2,0.361,0.335,3,100.0,12,0.696,0.279,0.0,3.0,0.519,0.72,0.695,0.548,2
OB,79231,정수빈,0.275,71,293,247,45,68,7,0,3,84,17,12,7,3,2,35,1,6,28,4,0.34,0.376,2,63.2,19,0.716,0.196,0.0,19.0,0.556,0.835,0.868,0.806,1
OB,54236,임종성,0.272,32,87,81,6,22,4,0,2,32,11,1,0,1,1,3,0,1,25,1,0.395,0.302,2,100.0,4,0.697,0.35,1.0,1.0,0.537,0.627,0.595,0.516,4
OB,63257,김인태,0.262,57,104,84,8,22,5,0,2,33,11,0,0,0,1,17,0,2,23,1,0.393,0.394,0,0.0,3,0.787,0.269,0.423,0.0,0.537,0.742,0.8,0.5,3
OB,64153,양석환,0.26,56,232,204,27,53,13,0,6,84,23,0,0,0,3,20,0,5,60,6,0.412,0.336,4,0.0,13,0.748,0.224,0.0,0.0,0.611,0.735,0.704,0.5,2
OB,78224,김재환,0.255,67,279,239,31,61,9,2,7,95,34,3,2,0,1,36,3,3,60,1,0.397,0.358,0,60.0,14,0.755,0.283,0.0,5.0,0.63,0.793,0.8,0.581,0
OB,68362,추재현,0.25,21,60,56,6,14,2,1,1,21,5,0,0,1,0,2,0,1,10,2,0.375,0.288,0,0.0,2,0.663,0.125,0.25,0.0,0.519,0.584,0.583,0.5,4
OB,66112,김기연,0.24,48,120,104,9,25,3,0,1,31,16,0,0,3,1,11,0,1,20,4,0.298,0.316,2,0.0,6,0.614,0.348,0.182,0.0,0.519,0.697,0.695,0.5,3
OB,53554,김민석,0.228,38,111,101,7,23,2,2,0,29,8,2,2,0,1,8,1,1,29,1,0.287,0.288,1,50.0,5,0.575,0.2,0.25,4.0,0.5,0.646,0.622,0.565,4
OB,64468,박계범,0.226,44,97,84,10,19,4,2,0,27,8,0,1,4,0,8,0,1,25,3,0.321,0.301,2,0.0,3,0.622,0.2,0.0,1.0,0.5,0.669,0.649,0.516,4
OB,66928,박준영,0.225,41,126,111,9,25,8,0,1,36,10,3,0,1,1,10,0,3,32,1,0.324,0.304,8,100.0,6,0.628,0.179,0.0,3.0,0.519,0.66,0.641,0.548,4
OB,66209,조수행,0.224,52,78,67,13,15,1,0,0,16,4,12,3,5,0,6,0,0,18,1,0.239,0.288,1,80.0,4,0.527,0.136,0.667,15.0,0.5,0.7,0.668,0.742,1
OB,54219,류현준,0.222,10,9,9,1,2,0,0,0,2,0,0,0,0,0,0,0,0,1,0,0.222,0.222,0,0.0,0,0.444,0.0,0.167,0.0,0.5,0.538,0.547,0.5,4
OB,55252,박준순,0.222,26,49,45,3,10,1,0,0,11,2,3,1,0,2,2,0,0,10,1,0.244,0.245,5,75.0,2,0.489,0.0,0.0,4.0,0.5,0.598,0.581,0.565,4
OB,55224,이선우,0.222,6,9,9,0,2,1,0,0,3,0,0,0,0,0,0,0,0,0,0,0.333,0.222,1,0.0,0,0.555,0.0,1.0,0.0,0.5,0.524,0.544,0.5,4
OB,63123,강승호,0.212,63,238,217,29,46,13,2,3,72,22,7,1,0,1,15,0,5,73,5,0.332,0.277,6,87.5,11,0.609,0.25,0.0,8.0,0.556,0.74,0.655,0.629,1
OB,69238,김대한,0.2,12,25,25,1,5,0,0,1,8,1,0,0,0,0,0,0,0,3,0,0.32,0.2,0,0.0,1,0.52,0.0,0.0,0.0,0.519,0.544,0.548,0.5,4
OB,55226,김준상,0.2,7,17,15,0,3,1,0,0,4,0,0,0,1,0,0,0,1,8,0,0.267,0.25,0,0.0,1,0.517,0.0,0.0,0.0,0.5,0.521,0.531,0.5,4
OB,50204,박지훈,0.167,25,8,6,3,1,0,0,0,1,0,0,0,1,0,0,0,1,2,1,0.167,0.286,1,0.0,0,0.453,0.0,0.0,0.0,0.5,0.584,0.573,0.5,4
OB,65269,김민혁,0.118,10,21,17,2,2,0,0,1,5,1,0,0,0,0,4,0,0,6,0,0.294,0.286,0,0.0,0,0.58,0.0,0.0,0.0,0.519,0.532,0.565,0.5,4
OB,54205,여동건,0.067,11,15,15,4,1,0,0,0,1,1,0,0,0,0,0,0,0,2,1,0.067,0.067,1,0.0,0,0.134,0.25,0.0,0.0,0.5,0.531,0.53,0.5,4
OB,68830,김정우,0.0,1,0,0,0,0,0,0,0,0,0,0,0,0,0,0,0,0,0,0,0.0,0.0,0,0.0,0,0.0,0.0,0.0,0.0,0.5,,,0.5,3
OB,68269,김호준,0.0,1,0,0,0,0,0,0,0,0,0,0,0,0,0,0,0,0,0,0,0.0,0.0,0,0.0,0,0.0,0.0,0.0,0.0,0.5,,,0.5,3
OB,53204,박민준,0.0,1,0,0,0,0,0,0,0,0,0,0,0,0,0,0,0,0,0,0,0.0,0.0,0,0.0,0,0.0,0.0,0.0,0.0,0.5,,,0.5,3
OB,68249,박신지,0.0,1,0,0,0,0,0,0,0,0,0,0,0,0,0,0,0,0,0,0,0.0,0.0,0,0.0,0,0.0,0.0,0.0,0.0,0.5,,,0.5,3
OB,63202,장승현,0.0,4,2,2,0,0,0,0,0,0,0,0,0,0,0,0,0,0,0,1,0.0,0.0,0,0.0,0,0.0,0.0,0.0,0.0,0.5,0.508,0.53,0.5,4
OB,54214,전다민,0.0,13,8,8,2,0,0,0,0,0,0,3,0,0,0,0,0,0,0,1,0.0,0.0,1,100.0,0,0.0,0.0,0.0,3.0,0.5,0.534,0.53,0.548,4
OB,55267,홍민규,0.0,1,0,0,0,0,0,0,0,0,0,0,0,0,0,0,0,0,0,0,0.0,0.0,0,0.0,0,0.0,0.0,0.0,0.0,0.5,,,0.5,3
HT,52605,김도영,0.33,27,111,100,19,33,9,0,7,63,26,3,0,0,2,9,1,0,18,3,0.63,0.378,3,100.0,10,1.008,0.333,1.0,3.0,0.63,0.624,0.638,0.548,0
HT,72443,최형우,0.327,70,293,245,39,80,20,1,13,141,47,0,0,0,2,42,6,4,48,6,0.576,0.43,0,0.0,20,1.006,0.333,1.0,0.0,0.741,0.843,0.895,0.5,0
HT,69636,오선우,0.293,54,200,181,31,53,10,0,8,87,26,0,1,0,0,18,0,1,60,4,0.481,0.36,2,0.0,16,0.841,0.246,0.25,1.0,0.648,0.731,0.702,0.516,2
HT,78603,김선빈,0.292,34,125,106,11,31,10,0,0,41,17,2,0,1,1,16,0,1,11,3,0.387,0.387,3,100.0,10,0.774,0.375,0.2,2.0,0.5,0.657,0.7,0.532,4
HT,67609,박정우,0.28,38,61,50,11,14,2,0,0,16,4,1,1,0,0,9,0,2,11,1,0.32,0.41,0,50.0,1,0.73,0.286,0.0,2.0,0.5,0.666,0.718,0.532,3
HT,52667,윤도현,0.279,19,73,68,11,19,3,0,4,34,9,1,0,0,0,4,0,1,15,0,0.5,0.329,6,100.0,6,0.829,0.267,0.0,1.0,0.574,0.579,0.587,0.516,4
HT,64646,박찬호,0.273,64,287,245,36,67,12,0,3,88,21,13,3,6,2,33,0,1,37,3,0.359,0.359,7,81.3,18,0.718,0.32,0.0,16.0,0.556,0.795,0.808,0.758,1
HT,55645,위즈덤,0.268,53,226,190,37,51,12,1,13,104,36,3,0,0,2,32,1,2,58,2,0.547,0.376,1,100.0,16,0.923,0.259,0.0,3.0,0.741,0.729,0.749,0.548,0
HT,67610,김석환,0.255,18,50,47,5,12,1,0,1,16,8,0,0,0,0,2,0,1,21,0,0.34,0.3,0,0.0,3,0.64,0.333,0.333,0.0,0.519,0.565,0.555,0.5,4
HT,66614,김규성,0.252,67,132,123,18,31,3,0,1,37,10,4,2,2,0,6,0,1,36,1,0.301,0.292,6,66.7,8,0.593,0.229,0.8,6.0,0.519,0.766,0.673,0.597,2
HT,61353,고종욱,0.25,8,17,16,2,4,0,0,0,4,1,1,0,0,0,1,0,0,2,0,0.25,0.294,0,100.0,0,0.544,0.25,0.5,1.0,0.5,0.532,0.555,0.516,4
HT,65653,김호령,0.24,35,112,96,11,23,9,0,0,32,12,3,1,2,1,12,0,1,29,0,0.333,0.327,3,75.0,5,0.66,0.32,0.0,4.0,0.5,0.639,0.643,0.565,4
HT,66606,최원준,0.233,55,203,189,23,44,6,0,4,62,16,7,0,0,0,12,0,2,37,2,0.328,0.286,3,100.0,11,0.614,0.149,0.0,7.0,0.574,0.726,0.678,0.613,1
HT,63260,이우성,0.231,52,168,147,11,34,10,1,2,52,15,0,0,0,1,18,0,2,35,3,0.354,0.321,2,0.0,8,0.675,0.2,0.375,0.0,0.537,0.712,0.709,0.5,3
HT,78122,김태군,0.231,50,140,117,10,27,7,1,1,39,13,0,0,3,2,14,1,4,8,3,0.333,0.328,3,0.0,7,0.661,0.192,0.0,0.0,0.519,0.717,0.742,0.5,3
HT,62947,나성범,0.226,26,110,93,13,21,5,0,4,38,16,0,0,0,0,16,0,1,21,5,0.409,0.345,0,0.0,5,0.754,0.194,0.0,0.0,0.574,0.605,0.639,0.5,4
HT,63722,한승택,0.222,12,20,18,3,4,1,0,0,5,0,0,0,0,0,1,0,1,6,1,0.278,0.3,0,0.0,1,0.578,0.0,0.5,0.0,0.5,0.543,0.555,0.5,4
HT,69727,변우혁,0.215,40,132,121,9,26,7,0,0,33,16,0,0,0,0,10,0,1,40,3,0.273,0.28,4,0.0,7,0.553,0.31,0.2,0.0,0.5,0.648,0.617,0.5,4
HT,68646,한준수,0.211,47,132,114,15,24,5,1,2,37,9,0,0,0,3,13,1,2,24,1,0.325,0.295,2,0.0,5,0.62,0.094,0.111,0.0,0.537,0.686,0.681,0.5,3
HT,65610,황대인,0.196,17,55,51,3,10,3,0,1,16,8,0,0,0,1,3,0,0,14,0,0.314,0.236,2,0.0,3,0.55,0.267,0.0,0.0,0.519,0.56,0.559,0.5,4
HT,64560,이창진,0.194,11,44,31,4,6,1,0,0,7,2,0,2,1,0,10,0,2,7,1,0.226,0.419,0,0.0,1,0.645,0.2,1.0,2.0,0.5,0.544,0.596,0.532,4
HT,50657,박민,0.188,10,18,16,1,3,0,0,1,6,1,1,0,0,0,1,0,1,7,0,0.375,0.278,1,100.0,1,0.653,0.0,0.0,1.0,0.519,0.533,0.545,0.516,4
HT,50600,홍종표,0.17,35,58,47,8,8,0,0,0,8,1,1,1,4,1,6,0,0,13,1,0.17,0.259,0,50.0,1,0.429,0.071,0.0,2.0,0.5,0.624,0.623,0.532,4
HT,65464,최정용,0.167,4,6,6,0,1,0,0,0,1,0,0,0,0,0,0,0,0,2,1,0.167,0.167,0,0.0,0,0.334,0.0,0.0,0.0,0.5,0.511,0.53,0.5,4
HT,78168,서건창,0.136,10,26,22,1,3,1,0,1,7,2,1,0,2,0,2,0,0,5,1,0.318,0.208,0,100.0,0,0.526,0.0,0.333,1.0,0.519,0.532,0.55,0.516,4
HT,55636,박재현,0.1,30,32,30,6,3,1,0,0,4,0,3,1,0,0,2,0,0,12,0,0.133,0.156,1,75.0,0,0.289,0.0,0.0,4.0,0.5,0.583,0.54,0.565,4
HT,53659,정해원,0.067,9,18,15,4,1,0,0,0,1,0,0,0,0,0,3,0,0,4,3,0.067,0.222,0,0.0,0,0.289,0.167,0.0,0.0,0.5,0.525,0.556,0.5,4
HT,60337,김대유,0.0,1,0,0,0,0,0,0,0,0,0,0,0,0,0,0,0,0,0,0,0.0,0.0,0,0.0,0,0.0,0.0,0.0,0.0,0.5,,,0.5,3
HT,50662,정해영,0.0,1,0,0,0,0,0,0,0,0,0,0,0,0,0,0,0,0,0,0,0.0,0.0,0,0.0,0,0.0,0.0,0.0,0.0,0.5,,,0.5,3
HT,52641,황동하,0.0,2,0,0,0,0,0,0,0,0,0,0,0,0,0,0,0,0,0,0,0.0,0.0,0,0.0,0,0.0,0.0,0.0,0.0,0.5,,,0.5,3
KT,68504,이호연,0.375,13,43,40,6,15,3,0,1,21,4,0,0,1,0,1,0,1,7,1,0.525,0.405,0,0.0,3,0.93,0.364,0.333,0.0,0.519,0.561,0.578,0.5,4
KT,52001,안현민,0.331,46,196,166,34,55,8,3,13,108,43,3,0,0,0,26,1,4,32,2,0.651,0.434,2,100.0,15,1.085,0.313,0.0,3.0,0.741,0.722,0.767,0.548,0
KT,67644,이정훈,0.327,16,52,49,8,16,2,0,2,24,5,0,0,0,0,3,0,0,16,0,0.49,0.365,1,0.0,4,0.855,0.364,0.4,0.0,0.537,0.567,0.575,0.5,4
KT,76313,황재균,0.311,53,202,180,24,56,9,0,2,71,20,2,1,1,1,18,1,2,36,0,0.394,0.378,1,66.7,15,0.772,0.471,0.5,3.0,0.537,0.745,0.743,0.548,2
KT,64004,김민혁,0.288,65,255,233,27,67,7,1,0,76,21,7,3,2,1,15,1,4,21,8,0.326,0.34,1,70.0,17,0.666,0.245,0.0,10.0,0.5,0.804,0.777,0.661,2
KT,69056,박민석,0.278,15,20,18,4,5,1,1,0,8,1,0,0,0,0,2,0,0,4,0,0.444,0.35,2,0.0,1,0.794,0.0,0.0,0.0,0.5,0.562,0.586,0.5,4
KT,79240,허경민,0.267,50,208,180,20,48,6,0,1,57,13,2,0,0,1,22,1,5,19,9,0.317,0.361,4,100.0,14,0.678,0.22,0.0,2.0,0.519,0.727,0.754,0.532,3
KT,79402,김상수,0.259,48,188,158,21,41,6,0,3,56,20,3,0,1,2,27,1,0,15,2,0.354,0.364,2,100.0,11,0.718,0.271,0.0,3.0,0.556,0.718,0.768,0.548,3
KT,68050,강백호,0.255,43,176,157,15,40,7,0,7,68,23,1,1,0,1,17,1,1,29,5,0.433,0.33,1,50.0,10,0.763,0.268,0.667,2.0,0.63,0.684,0.687,0.532,0
KT,78548,장성우,0.251,72,270,231,24,58,10,0,6,86,33,0,1,1,5,33,1,0,53,4,0.372,0.338,3,0.0,13,0.71,0.203,0.4,1.0,0.611,0.812,0.807,0.516,2
KT,67025,로하스,0.251,73,314,271,38,68,17,0,9,112,32,1,1,0,3,39,2,1,56,9,0.413,0.344,3,50.0,15,0.757,0.254,0.0,2.0,0.667,0.823,0.824,0.532,0
KT,64504,오윤석,0.247,39,101,85,14,21,6,0,0,27,11,0,0,7,1,6,0,2,24,1,0.318,0.309,1,0.0,5,0.627,0.269,0.0,0.0,0.5,0.656,0.633,0.5,4
KT,68089,조대현,0.241,29,35,29,4,7,1,0,0,8,5,0,0,2,0,4,0,0,7,0,0.276,0.333,1,0.0,1,0.609,0.5,0.0,0.0,0.5,0.616,0.637,0.5,4
KT,51003,권동진,0.239,61,183,155,19,37,6,2,0,47,12,2,1,4,1,23,0,0,50,3,0.303,0.335,11,66.7,8,0.638,0.237,0.667,3.0,0.5,0.746,0.74,0.548,3
KT,64007,문상철,0.227,53,155,132,16,30,5,1,3,46,12,1,1,1,2,16,0,4,33,3,0.348,0.325,0,50.0,6,0.673,0.207,0.25,2.0,0.556,0.714,0.711,0.532,3
KT,64166,배정대,0.222,70,214,189,19,42,11,2,2,63,25,4,3,5,2,13,0,5,50,2,0.333,0.287,1,57.1,9,0.62,0.3,0.25,7.0,0.537,0.78,0.702,0.613,1
KT,64115,장준원,0.222,17,50,45,4,10,2,0,0,12,5,0,0,2,0,3,0,0,7,1,0.267,0.271,0,0.0,4,0.538,0.235,0.0,0.0,0.5,0.566,0.577,0.5,4
KT,66706,장진혁,0.222,32,47,45,6,10,2,1,0,14,5,0,0,0,0,2,0,0,14,0,0.311,0.255,0,0.0,2,0.566,0.2,0.182,0.0,0.5,0.616,0.58,0.5,4
KT,50054,천성호,0.209,31,81,67,10,14,5,1,0,21,7,0,1,0,0,10,0,4,12,1,0.313,0.346,2,0.0,3,0.659,0.222,0.0,1.0,0.5,0.625,0.66,0.516,4
KT,52002,김병준,0.2,9,5,5,2,1,0,0,0,1,0,0,0,0,0,0,0,0,2,0,0.2,0.2,0,0.0,0,0.4,0.0,0.0,0.0,0.5,0.528,0.53,0.5,4
KT,50066,강현우,0.167,10,15,12,0,2,0,0,0,2,1,0,0,0,0,3,0,0,4,0,0.167,0.333,2,0.0,1,0.5,0.0,0.0,0.0,0.5,0.535,0.572,0.5,4
KT,51007,최성민,0.118,28,19,17,3,2,0,0,0,2,2,1,0,1,0,1,0,0,5,0,0.118,0.167,1,100.0,0,0.285,0.5,0.0,1.0,0.5,0.586,0.556,0.516,4
KT,50092,윤준혁,0.063,20,17,16,2,1,1,0,0,2,0,1,0,1,0,0,0,0,5,0,0.125,0.063,0,100.0,0,0.188,0.0,0.0,1.0,0.5,0.551,0.512,0.516,4
KT,69064,강민성,0.043,20,28,23,0,1,0,0,0,1,1,0,0,0,1,4,0,0,10,1,0.043,0.179,0,0.0,0,0.222,0.0,0.0,0.0,0.5,0.551,0.56,0.5,4
KT,51013,유준규,0.042,18,29,24,5,1,0,0,0,1,3,1,0,0,0,5,0,0,9,0,0.042,0.207,0,100.0,0,0.249,0.125,0.0,1.0,0.5,0.549,0.573,0.516,4
KT,51005,김건형,0.0,2,1,1,0,0,0,0,0,0,0,0,0,0,0,0,0,0,0,0,0.0,0.0,0,0.0,0,0.0,0.0,0.0,0.0,0.5,0.505,0.53,0.5,4
KT,73113,박경수,0.0,1,0,0,0,0,0,0,0,0,0,0,0,0,0,0,0,0,0,0,0.0,0.0,0,0.0,0,0.0,0.0,0.0,0.0,0.5,,,0.5,3
KT,52060,박영현,0.0,2,0,0,0,0,0,0,0,0,0,0,0,0,0,0,0,0,0,0,0.0,0.0,0,0.0,0,0.0,0.0,0.0,0.0,0.5,,,0.5,3
KT,64012,송민섭,0.0,1,0,0,0,0,0,0,0,0,0,0,0,0,0,0,0,0,0,0,0.0,0.0,0,0.0,0,0.0,0.0,0.0,0.0,0.5,,,0.5,3
KT,67006,안치영,0.0,16,13,8,1,0,0,0,0,0,2,0,1,1,1,2,0,1,5,1,0.0,0.25,0,0.0,0,0.25,0.0,0.0,1.0,0.5,0.538,0.566,0.516,4
KT,55005,오서진,0.0,1,0,0,0,0,0,0,0,0,0,0,0,0,0,0,0,0,0,0,0.0,0.0,0,0.0,0,0.0,0.0,0.0,0.0,0.5,,,0.5,3
KT,69054,이상동,0.0,1,0,0,0,0,0,0,0,0,0,0,0,0,0,0,0,0,0,0,0.0,0.0,0,0.0,0,0.0,0.0,0.0,0.0,0.5,,,0.5,3
KT,67048,이정현,0.0,2,0,0,0,0,0,0,0,0,0,0,0,0,0,0,0,0,0,0,0.0,0.0,0,0.0,0,0.0,0.0,0.0,0.0,0.5,,,0.5,3
KT,65060,주권,0.0,1,0,0,0,0,0,0,0,0,0,0,0,0,0,0,0,0,0,0,0.0,0.0,0,0.0,0,0.0,0.0,0.0,0.0,0.5,,,0.5,3
KT,79140,최동환,0.0,1,0,0,0,0,0,0,0,0,0,0,0,0,0,0,0,0,0,0,0.0,0.0,0,0.0,0,0.0,0.0,0.0,0.0,0.5,,,0.5,3
WO,54305,이재상,0.5,2,2,2,0,1,0,0,0,1,0,0,0,0,0,0,0,0,1,0,0.5,0.5,1,0.0,0,1.0,0.0,0.0,0.0,0.5,0.509,0.535,0.5,4
WO,69332,주성원,0.353,6,17,17,2,6,1,0,0,7,0,0,0,0,0,0,0,0,4,1,0.412,0.353,0,0.0,2,0.765,0.0,1.0,0.0,0.5,0.525,0.545,0.5,4
WO,64340,임지열,0.271,34,107,96,9,26,2,0,3,37,8,3,0,0,0,11,0,0,33,2,0.385,0.346,0,100.0,5,0.731,0.313,0.5,3.0,0.556,0.637,0.636,0.548,4
WO,76267,최주환,0.27,72,302,274,28,74,20,1,5,111,37,0,0,0,5,20,0,3,42,4,0.405,0.321,3,0.0,18,0.726,0.246,0.5,0.0,0.593,0.826,0.773,0.5,2
WO,65357,송성문,0.268,76,329,291,41,78,18,0,10,126,38,10,0,0,1,37,2,0,52,3,0.433,0.35,7,100.0,21,0.783,0.382,0.333,10.0,0.685,0.848,0.839,0.661,2
WO,64984,김태진,0.255,59,181,165,18,42,9,1,3,62,13,0,0,1,2,13,1,0,33,5,0.376,0.306,7,0.0,8,0.682,0.226,0.375,0.0,0.556,0.748,0.709,0.5,2
WO,68305,변상권,0.25,9,17,16,2,4,1,0,0,5,2,0,0,0,1,0,0,0,2,0,0.313,0.235,0,0.0,0,0.548,0.2,0.0,0.0,0.5,0.535,0.547,0.5,4
WO,50167,이주형,0.244,61,239,201,23,49,8,0,7,78,18,3,1,0,0,24,0,14,58,3,0.388,0.364,1,75.0,13,0.752,0.256,0.2,4.0,0.63,0.758,0.752,0.565,0
WO,54444,카디네스,0.238,53,222,189,21,45,8,1,5,70,25,1,2,0,2,25,1,6,43,6,0.37,0.342,4,33.3,11,0.712,0.271,0.0,3.0,0.593,0.724,0.731,0.548,3
WO,64346,임병욱,0.236,35,93,89,5,21,3,1,0,26,8,1,0,0,1,3,0,0,22,2,0.292,0.258,0,100.0,4,0.55,0.3,0.308,1.0,0.5,0.634,0.594,0.516,4
WO,62332,김재현,0.235,50,104,98,12,23,5,0,0,28,4,1,0,2,0,1,0,3,23,1,0.286,0.265,3,100.0,5,0.551,0.138,0.0,1.0,0.5,0.695,0.617,0.516,4
WO,55397,전태현,0.231,43,122,108,13,25,4,0,0,29,4,2,0,3,0,11,0,0,35,1,0.269,0.303,2,100.0,4,0.572,0.304,0.429,2.0,0.5,0.666,0.644,0.532,4
WO,66838,김동엽,0.222,9,29,27,2,6,2,0,0,8,2,0,0,0,0,2,0,0,11,1,0.296,0.276,0,0.0,2,0.572,0.5,0.0,0.0,0.5,0.53,0.545,0.5,4
WO,78756,오선진,0.22,58,112,100,7,22,4,0,1,29,13,0,0,3,0,6,0,3,31,2,0.29,0.284,4,0.0,4,0.574,0.314,0.0,0.0,0.519,0.719,0.653,0.5,4
WO,55392,어준서,0.22,52,132,123,17,27,3,0,1,33,8,0,0,0,1,7,0,1,31,4,0.268,0.265,14,0.0,4,0.533,0.161,0.222,0.0,0.519,0.699,0.641,0.5,4
WO,52366,푸이그,0.212,40,172,156,17,33,2,0,6,53,20,0,0,0,0,12,0,4,38,1,0.34,0.285,2,0.0,9,0.625,0.256,0.0,0.0,0.611,0.657,0.634,0.5,0
WO,78135,이형종,0.206,30,79,68,4,14,3,0,2,23,6,1,0,2,0,8,0,1,22,3,0.338,0.299,0,100.0,1,0.637,0.2,0.286,1.0,0.537,0.61,0.613,0.516,4
WO,54307,원성준,0.205,19,45,39,5,8,1,0,2,15,4,0,0,0,0,6,0,0,14,0,0.385,0.311,0,0.0,3,0.696,0.375,0.25,0.0,0.537,0.569,0.588,0.5,4
WO,53312,김건희,0.2,40,130,125,8,25,5,1,1,35,10,0,0,2,1,2,0,0,36,2,0.28,0.211,3,0.0,5,0.491,0.25,0.0,0.0,0.519,0.643,0.567,0.5,4
WO,75566,이원석,0.2,3,6,5,1,1,0,0,0,1,0,0,0,0,0,1,0,0,2,1,0.2,0.333,0,0.0,0,0.533,0.0,0.0,0.0,0.5,0.509,0.54,0.5,4
WO,53344,김동헌,0.196,27,53,46,3,9,1,0,0,10,4,0,0,0,1,5,0,1,16,0,0.217,0.283,1,0.0,1,0.5,0.273,0.667,0.0,0.5,0.596,0.595,0.5,4
WO,55393,여동욱,0.19,11,24,21,2,4,0,0,1,7,1,0,0,0,0,3,0,0,9,2,0.333,0.292,2,0.0,0,0.625,0.0,0.5,0.0,0.519,0.536,0.557,0.5,4
WO,74163,이용규,0.188,10,36,32,6,6,1,0,0,7,0,1,0,1,0,3,0,0,7,1,0.219,0.257,1,100.0,2,0.476,0.143,0.0,1.0,0.5,0.536,0.556,0.516,4
WO,55326,스톤,0.185,7,31,27,0,5,0,0,0,5,5,0,0,0,1,3,0,0,8,0,0.185,0.258,0,0.0,1,0.443,0.222,0.0,0.0,0.5,0.524,0.547,0.5,4
WO,62925,강진성,0.182,6,13,11,1,2,0,0,0,2,1,0,0,0,0,2,0,0,1,2,0.182,0.308,0,0.0,1,0.49,0.2,0.0,0.0,0.5,0.522,0.557,0.5,4
WO,52305,박수종,0.182,21,34,33,2,6,0,0,1,9,2,1,0,0,0,1,0,0,11,0,0.273,0.206,0,100.0,2,0.479,0.111,0.0,1.0,0.519,0.569,0.546,0.516,4
WO,50357,박주홍,0.18,54,113,100,7,18,3,0,2,27,9,6,0,1,2,9,0,1,39,2,0.27,0.25,2,100.0,3,0.52,0.103,0.182,6.0,0.537,0.685,0.62,0.597,3
WO,54394,송지후,0.145,21,67,62,3,9,1,0,1,13,4,0,1,0,1,2,0,2,14,2,0.21,0.194,1,0.0,1,0.404,0.053,0.0,1.0,0.519,0.57,0.556,0.516,4
WO,51359,장재영,0.143,10,16,14,1,2,0,0,0,2,2,1,0,0,0,2,0,0,7,0,0.143,0.25,1,100.0,0,0.393,0.333,0.0,1.0,0.5,0.529,0.546,0.516,4
WO,65898,김웅빈,0.111,7,24,18,1,2,0,0,0,2,0,0,0,1,0,5,0,0,3,1,0.111,0.304,0,0.0,0,0.415,0.0,0.0,0.0,0.5,0.524,0.563,0.5,4
WO,55370,양현종,0.1,7,12,10,1,1,0,0,0,1,0,0,0,0,0,2,0,0,5,0,0.1,0.25,1,0.0,0,0.35,0.0,0.0,0.0,0.5,0.519,0.545,0.5,4
WO,54344,고영우,0.0,4,4,4,0,0,0,0,0,0,0,0,0,0,0,0,0,0,4,0,0.0,0.0,1,0.0,0,0.0,0.0,0.0,0.0,0.5,0.503,0.509,0.5,4
WO,55371,권혁빈,0.0,2,1,1,0,0,0,0,0,0,0,0,0,0,0,0,0,0,0,1,0.0,0.0,0,0.0,0,0.0,0.0,0.0,0.0,0.5,0.503,0.53,0.5,4
WO,50304,김병휘,0.0,4,2,1,1,0,0,0,0,0,0,0,0,0,0,1,0,0,0,0,0.0,0.5,0,0.0,0,0.5,0.0,0.0,0.0,0.5,0.514,0.572,0.5,4
WO,53301,박윤성,0.0,2,0,0,0,0,0,0,0,0,0,0,0,0,0,0,0,0,0,0,0.0,0.0,0,0.0,0,0.0,0.0,0.0,0.0,0.5,,,0.5,3
WO,69328,박주성,0.0,2,0,0,0,0,0,0,0,0,0,0,0,0,0,0,0,0,0,0,0.0,0.0,0,0.0,0,0.0,0.0,0.0,0.0,0.5,,,0.5,3
WO,53309,서유신,0.0,2,3,3,0,0,0,0,0,0,0,0,0,0,0,0,0,0,3,0,0.0,0.0,0,0.0,0,0.0,0.0,0.0,0.0,0.5,0.501,0.519,0.5,4
WO,69045,알칸타라,0.0,1,0,0,0,0,0,0,0,0,0,0,0,0,0,0,0,0,0,0,0.0,0.0,0,0.0,0,0.0,0.0,0.0,0.0,0.5,,,0.5,3
WO,53302,이승원,0.0,1,2,2,0,0,0,0,0,0,0,0,0,0,0,0,0,0,0,0,0.0,0.0,1,0.0,0,0.0,0.0,0.0,0.0,0.5,0.502,0.53,0.5,4
WO,52330,주승우,0.0,2,0,0,0,0,0,0,0,0,0,0,0,0,0,0,0,0,0,0,0.0,0.0,0,0.0,0,0.0,0.0,0.0,0.0,0.5,,,0.5,3
TMP,1,임시선수,0.3,100,400,370,50,111,20,1,15,180,60,5,2,3,5,40,5,2,30,3,0.45,0.38,2,0.714,25,0.83,0.289,0.25,7.0,0.778,1.0,1.0,0.613,2
