IP,H,R,ER,BB,SO,HR,BF,AB,NP,player_id,team,game_id,date
3.0,8,7,7,3,2,1,20,15,81,52528,away,1,20250322
6.0,5,2,2,3,8,0,26,23,103,55146,home,1,20250322
5.0,7,4,4,3,6,0,25,20,92,55257,away,2,20250322
3.667,4,4,4,4,4,0,19,15,88,54833,home,2,20250322
3.0,8,8,8,4,4,1,21,17,74,55322,away,3,20250322
6.0,8,2,2,1,5,1,26,25,90,53375,home,3,20250322
5.0,7,2,2,1,4,0,22,20,87,55730,away,4,20250322
6.0,2,1,1,2,7,0,22,20,94,54354,home,4,20250322
6.0,4,1,1,1,5,0,22,21,94,55912,away,5,20250322
5.0,2,0,0,1,5,0,18,17,66,54640,home,5,20250322
5.0,8,4,4,0,6,3,22,22,94,64021,away,6,20250323
7.0,1,0,0,2,5,0,22,20,96,67143,home,6,20250323
6.0,7,4,4,2,5,0,26,24,89,55239,away,7,20250323
5.667,7,2,2,2,8,0,26,24,99,77829,home,7,20250323
3.0,8,5,4,0,3,1,18,18,60,64350,away,8,20250323
2.667,2,2,2,2,5,0,13,11,60,77446,home,8,20250323
6.0,5,4,3,2,4,0,26,23,85,54755,away,9,20250323
6.667,5,3,3,2,4,1,26,24,94,69032,home,9,20250323
5.333,4,3,2,3,5,1,24,21,97,55903,away,10,20250323
5.0,6,4,4,4,5,1,23,19,84,77637,home,10,20250323
6.0,3,0,0,0,5,0,20,20,81,76715,away,11,20250325
7.0,1,0,0,1,8,0,23,22,88,54119,home,11,20250325
7.0,3,1,1,2,2,1,26,23,89,55536,away,12,20250325
6.0,3,2,2,2,4,0,23,20,78,62869,home,12,20250325
1.667,5,5,5,2,0,1,11,8,52,66920,away,13,20250325
5.0,6,4,4,4,4,0,25,19,83,65320,home,13,20250325
4.0,6,3,3,2,1,1,18,16,84,67263,away,14,20250325
4.667,8,3,3,2,5,0,23,21,94,64001,home,14,20250325
5.0,9,8,7,2,3,5,27,23,93,54319,away,15,20250325
6.0,5,4,3,0,6,1,24,23,88,55633,home,15,20250325
4.667,6,2,2,3,5,1,21,17,86,65056,away,16,20250326
9.0,2,0,0,2,5,0,30,28,100,61101,home,16,20250326
6.0,4,2,2,4,7,1,24,20,94,51516,away,17,20250326
6.333,6,1,1,1,6,0,24,23,83,53898,home,17,20250326
5.0,2,2,2,1,5,0,18,17,77,68902,away,18,20250326
3.667,7,5,5,4,1,0,21,16,77,51454,home,18,20250326
5.333,7,2,2,2,3,0,25,23,97,51264,away,19,20250326
6.0,9,3,3,0,4,0,26,26,79,50030,home,19,20250326
5.0,8,6,4,7,4,0,31,24,122,55313,away,20,20250326
2.0,6,6,2,3,2,0,16,13,52,53613,home,20,20250326
5.0,1,0,0,0,6,0,17,17,61,52701,away,21,20250327
7.0,1,0,0,1,5,0,23,21,94,51111,home,21,20250327
4.667,4,2,2,3,6,0,21,18,86,67539,away,22,20250327
3.667,1,2,2,6,3,0,18,11,70,60841,home,22,20250327
4.0,4,4,4,3,3,1,19,15,84,53973,away,23,20250327
3.667,6,4,3,3,4,1,20,15,69,54401,home,23,20250327
5.0,6,4,4,2,7,1,23,21,97,53262,away,24,20250327
5.0,2,0,0,6,3,0,21,15,92,50859,home,24,20250327
5.0,3,1,1,6,2,0,22,16,83,55396,away,25,20250327
6.0,4,2,0,3,2,0,26,20,81,69745,home,25,20250327
8.0,4,2,2,1,11,0,28,27,99,53375,away,26,20250328
7.0,3,0,0,2,4,0,24,22,87,55257,home,26,20250328
7.0,2,0,0,0,8,0,25,25,91,54354,away,27,20250328
7.0,5,1,1,2,5,0,28,26,101,52528,home,27,20250328
6.0,6,2,2,2,5,0,25,23,93,55146,away,28,20250328
6.0,6,2,2,3,5,1,28,25,106,55912,home,28,20250328
5.0,6,5,3,3,6,1,25,21,97,54833,away,29,20250328
7.0,4,2,2,1,9,1,25,24,106,55322,home,29,20250328
6.0,3,0,0,2,5,0,21,19,101,54640,away,30,20250328
7.0,7,2,2,1,8,1,28,26,105,55730,home,30,20250328
5.0,5,2,2,3,4,1,22,19,91,77829,away,31,20250329
7.0,5,1,1,1,7,0,27,26,93,64350,home,31,20250329
6.0,6,3,1,3,5,0,27,23,100,77637,away,32,20250329
5.0,6,4,4,3,7,2,24,20,96,54755,home,32,20250329
5.0,3,2,2,1,4,0,19,17,78,69446,away,33,20250329
6.0,5,4,4,3,8,0,25,22,102,55239,home,33,20250329
7.0,7,3,3,1,4,1,29,26,87,69032,away,34,20250329
6.0,5,1,1,3,6,0,26,23,101,64021,home,34,20250329
6.0,6,4,4,1,6,3,25,24,101,67143,away,35,20250329
5.333,7,9,6,6,4,2,30,23,108,55903,home,35,20250329
5.0,3,2,2,0,5,1,18,17,67,54443,away,36,20250330
7.0,4,3,2,2,2,0,26,24,105,67263,home,36,20250330
6.0,7,2,2,2,6,1,26,23,102,64001,away,37,20250330
6.333,4,2,2,2,5,0,25,22,112,55536,home,37,20250330
5.667,3,1,1,3,4,1,22,19,88,62869,away,39,20250330
6.0,3,2,2,2,3,1,23,21,89,54319,home,39,20250330
5.0,4,2,2,4,5,0,22,18,99,55633,away,40,20250330
6.0,6,2,2,1,4,1,23,22,76,76715,home,40,20250330
3.667,6,3,2,3,3,1,22,19,78,55396,away,46,20250402
6.0,4,3,3,2,7,1,24,22,91,51264,home,46,20250402
0.667,5,8,8,3,1,1,10,6,53,54119,away,48,20250402
4.333,5,5,5,5,7,1,23,17,99,50859,home,48,20250402
6.0,4,2,2,3,9,1,25,22,110,65320,away,49,20250402
6.0,5,2,2,1,7,0,24,23,92,69745,home,49,20250402
5.333,6,2,1,1,3,0,21,20,92,51516,away,50,20250402
2.0,4,4,4,1,0,1,11,9,42,52701,home,50,20250402
6.0,5,4,1,2,6,2,25,23,91,55322,away,51,20250403
6.0,5,1,1,1,6,0,23,22,88,55257,home,51,20250403
5.667,7,1,1,3,5,0,25,22,96,61101,away,53,20250403
6.0,6,3,1,3,4,1,28,25,104,54354,home,53,20250403
6.0,4,3,3,4,3,0,26,22,87,53375,away,54,20250403
7.0,3,0,0,2,2,0,27,25,87,54640,home,54,20250403
5.333,5,2,2,2,6,0,24,22,98,67539,away,55,20250403
7.0,5,2,2,2,10,0,28,24,96,55730,home,55,20250403
5.0,7,4,4,1,3,0,23,21,78,77637,away,56,20250404
5.0,7,2,2,3,4,0,25,22,87,51111,home,56,20250404
5.0,6,2,2,5,1,0,26,20,105,69032,away,57,20250404
5.0,5,1,1,3,3,0,22,19,99,77829,home,57,20250404
6.0,7,3,3,2,6,0,26,24,104,55239,away,58,20250404
6.333,9,6,4,1,5,0,29,28,98,52528,home,58,20250404
4.667,7,5,5,5,4,2,26,21,104,54755,away,59,20250404
7.0,2,0,0,0,5,0,23,23,83,69446,home,59,20250404
6.333,5,4,4,4,7,0,27,21,115,55912,away,60,20250404
6.0,3,0,0,3,7,0,24,20,95,64350,home,60,20250404
5.0,8,4,4,1,2,2,24,23,89,76715,away,62,20250405
5.0,1,1,0,4,2,0,21,17,85,51454,home,62,20250405
4.667,7,4,4,3,5,1,24,21,108,67263,away,64,20250405
7.0,4,0,0,1,9,0,25,23,95,64021,home,64,20250405
4.333,2,5,5,5,5,1,20,15,98,55903,away,65,20250405
3.333,7,5,5,2,5,1,19,17,78,54319,home,65,20250405
6.0,4,4,3,4,4,0,26,20,96,55633,away,66,20250406
7.0,3,1,1,2,7,0,25,23,91,55146,home,66,20250406
7.0,5,0,0,0,5,0,25,25,75,50030,away,67,20250406
6.0,4,0,0,2,2,0,20,18,81,62869,home,67,20250406
1.333,3,5,5,3,1,0,10,7,44,53262,away,68,20250406
2.667,6,3,3,3,1,0,16,13,71,55536,home,68,20250406
3.0,5,3,3,3,3,0,16,13,78,65056,away,69,20250406
7.0,1,0,0,0,6,0,22,22,92,54443,home,69,20250406
5.0,3,2,2,3,5,0,21,18,85,68902,away,70,20250406
5.0,4,2,2,5,4,1,21,15,101,55313,home,70,20250406
4.0,5,4,3,0,5,1,17,17,64,52701,away,71,20250408
6.0,6,3,3,3,2,1,26,23,76,51264,home,71,20250408
5.333,9,2,1,0,3,0,24,24,84,69745,away,72,20250408
5.667,2,3,3,2,5,0,22,20,86,51516,home,72,20250408
5.0,6,3,3,1,7,1,22,21,76,53898,away,73,20250408
5.0,6,2,2,5,3,0,25,20,104,65320,home,73,20250408
3.667,4,3,3,4,5,0,19,15,82,53973,away,74,20250408
7.0,3,1,1,0,10,0,23,23,99,64001,home,74,20250408
7.0,5,1,1,0,5,0,24,24,76,67143,away,75,20250408
2.0,6,9,4,4,0,0,17,12,69,55396,home,75,20250408
6.0,8,4,4,2,9,0,26,24,101,55730,away,76,20250409
6.0,5,5,2,4,8,0,27,20,103,55257,home,76,20250409
7.0,6,1,1,2,6,0,28,26,92,54640,away,77,20250409
6.0,6,3,3,3,3,1,27,24,102,67539,home,77,20250409
7.0,6,1,1,0,13,1,27,27,87,54833,away,78,20250409
7.0,5,1,1,0,8,1,26,26,103,53375,home,78,20250409
6.0,5,2,2,3,3,1,26,23,84,55912,away,79,20250409
3.0,3,1,1,3,4,0,15,12,66,54354,home,79,20250409
5.333,4,4,4,4,4,3,23,18,91,54119,away,80,20250409
8.0,4,0,0,1,13,0,30,29,108,55322,home,80,20250409
7.667,4,2,2,0,7,1,27,27,94,54755,away,81,20250410
5.667,6,4,4,2,7,0,24,22,97,55239,home,81,20250410
1.0,6,6,6,2,0,1,11,9,37,53613,away,82,20250410
5.0,5,3,3,4,3,0,23,19,98,52528,home,82,20250410
6.0,2,0,0,2,8,0,21,19,100,77829,away,83,20250410
5.0,7,1,1,1,5,0,23,21,103,69446,home,83,20250410
7.0,1,0,0,2,14,0,25,23,99,55903,away,84,20250410
6.0,5,3,3,0,5,2,21,21,81,50859,home,84,20250410
7.0,5,1,1,0,5,1,26,26,80,61101,away,85,20250410
4.0,10,6,6,3,2,1,25,22,98,64350,home,85,20250410
6.0,4,1,1,0,2,1,21,21,69,67263,away,86,20250411
6.0,4,2,2,3,5,0,25,20,89,51111,home,86,20250411
7.0,5,5,4,3,9,1,29,26,106,64021,away,87,20250411
0.667,4,4,3,2,2,0,8,6,38,50992,home,87,20250411
5.0,7,3,3,3,3,0,23,18,84,51454,away,88,20250411
6.0,3,1,1,3,4,1,23,20,88,69032,home,88,20250411
1.0,2,1,1,0,0,0,5,5,24,60841,away,89,20250411
4.333,7,6,6,3,3,0,22,18,74,77637,home,89,20250411
5.0,8,5,4,1,2,0,24,23,89,54319,away,90,20250411
6.0,1,0,0,1,6,0,20,19,88,76715,home,90,20250411
3.667,3,2,2,4,3,0,16,12,82,53262,away,91,20250412
6.0,3,0,0,1,8,0,22,21,100,55146,home,91,20250412
6.0,2,0,0,5,7,0,24,19,101,55536,away,93,20250412
5.0,7,2,2,2,2,0,23,21,91,68902,home,93,20250412
5.0,7,2,2,1,3,0,22,21,84,55313,away,95,20250412
3.0,5,3,3,3,4,0,17,14,73,65056,home,95,20250412
4.667,5,2,2,6,6,0,24,18,100,51264,away,96,20250413
3.0,6,6,6,3,2,0,19,13,71,67143,home,96,20250413
1.333,3,6,6,4,2,2,11,7,47,51516,away,97,20250413
2.0,4,5,5,5,2,0,15,10,63,77211,home,97,20250413
2.0,7,5,5,2,0,0,15,12,54,54443,away,98,20250413
5.0,5,1,0,4,5,0,22,17,94,50030,home,98,20250413
5.0,6,4,4,1,0,2,22,20,75,62869,away,99,20250413
7.0,2,2,2,1,4,0,24,21,95,55633,home,99,20250413
1.333,2,2,2,3,1,0,9,6,31,69360,away,100,20250413
6.0,3,1,0,0,6,0,21,21,81,52701,home,100,20250413
7.0,9,1,1,1,4,0,29,28,105,53375,away,101,20250415
6.0,0,0,0,1,9,0,19,18,79,54119,home,101,20250415
7.0,1,0,0,3,12,0,24,21,98,55730,away,102,20250415
5.0,3,1,1,2,9,0,21,19,88,54833,home,102,20250415
5.0,7,4,4,4,4,0,26,22,91,55322,away,103,20250415
4.0,5,5,3,3,3,0,20,17,83,67539,home,103,20250415
6.0,3,0,0,3,11,0,24,21,99,64001,away,105,20250415
6.0,5,0,0,1,6,0,24,23,91,54640,home,105,20250415
3.333,6,6,6,4,2,1,20,15,73,65320,away,106,20250416
6.0,7,2,2,1,4,0,26,24,103,61101,home,106,20250416
6.0,7,2,2,1,10,0,26,25,112,54755,away,107,20250416
5.0,7,5,5,1,4,2,23,22,74,77829,home,107,20250416
4.667,12,6,6,0,4,0,25,25,103,64350,away,108,20250416
7.0,5,2,2,1,11,0,27,26,90,52528,home,108,20250416
6.0,1,0,0,3,6,0,22,18,85,50859,away,110,20250416
6.0,4,2,2,1,2,1,23,22,91,69745,home,110,20250416
6.0,5,1,1,2,3,0,25,21,88,69446,away,111,20250417
4.667,6,4,4,2,4,1,22,20,84,51111,home,111,20250417
5.333,6,2,2,2,2,0,24,22,91,76715,away,112,20250417
4.333,3,2,2,1,8,0,17,16,72,55855,home,112,20250417
4.0,6,4,1,1,1,0,20,19,90,54319,away,113,20250417
6.667,6,0,0,2,12,0,28,26,108,64021,home,113,20250417
6.0,9,3,3,2,2,1,27,25,91,69032,away,115,20250417
5.333,9,3,3,2,3,1,25,22,84,77637,home,115,20250417
2.667,3,2,2,5,0,0,14,9,60,53613,away,116,20250418
6.333,2,1,1,3,4,1,24,20,96,55257,home,116,20250418
7.0,3,1,1,2,7,0,26,24,88,55146,away,117,20250418
7.0,5,4,3,5,3,1,29,23,95,60841,home,117,20250418
5.0,6,0,0,2,9,0,23,21,97,55536,away,118,20250418
5.0,9,7,7,0,5,2,24,24,91,51454,home,118,20250418
4.667,6,3,0,1,8,0,22,21,86,54354,away,119,20250418
2.667,5,2,2,3,4,0,16,13,55,54362,home,119,20250418
2.0,4,6,4,4,2,0,15,11,64,55912,away,120,20250418
5.0,7,4,4,2,3,0,23,21,89,65056,home,120,20250418
5.0,9,4,4,0,8,1,24,24,102,55633,away,121,20250419
4.0,4,4,3,2,2,1,19,16,88,67263,home,121,20250419
3.0,1,0,0,0,5,0,9,9,38,67143,away,122,20250419
3.333,6,4,4,3,1,0,19,16,74,53898,home,122,20250419
1.333,8,7,7,3,0,2,14,9,55,51516,away,123,20250419
2.667,2,0,0,3,2,0,13,10,51,54401,home,123,20250419
7.0,4,1,1,0,11,0,25,24,79,50030,away,124,20250419
2.0,4,8,5,4,2,1,15,10,67,66018,home,124,20250419
3.667,5,4,4,2,5,1,19,16,87,55903,away,125,20250419
5.0,5,2,2,2,7,0,20,18,79,52701,home,125,20250419
5.667,8,2,2,2,7,0,25,23,100,54640,away,126,20250420
5.0,2,0,0,3,4,0,20,17,86,55239,home,126,20250420
0.333,0,1,1,4,1,0,5,1,23,65411,away,127,20250420
6.667,4,3,3,2,8,1,26,24,112,54833,home,127,20250420
5.333,5,1,1,4,2,0,23,19,88,67539,away,128,20250420
6.0,5,3,3,2,5,2,25,23,104,53375,home,128,20250420
9.0,3,0,0,0,7,0,29,29,100,64001,away,129,20250420
5.0,6,2,1,1,6,0,22,20,92,55322,home,129,20250420
4.0,5,2,2,0,5,1,16,16,64,77211,away,130,20250420
7.0,1,0,0,0,13,0,22,22,101,55730,home,130,20250420
5.667,5,3,3,2,4,1,24,21,106,68902,away,131,20250422
6.0,8,4,4,2,4,1,28,25,104,61101,home,131,20250422
5.667,10,5,4,4,5,0,29,23,91,77829,away,134,20250422
6.0,4,2,2,2,8,0,23,21,90,50859,home,134,20250422
5.0,7,4,4,2,4,1,22,20,90,51264,away,135,20250422
7.0,3,0,0,0,7,0,22,22,90,64350,home,135,20250422
4.333,5,1,1,5,6,0,23,18,99,55912,away,136,20250423
6.0,0,0,0,3,7,0,22,19,94,51111,home,136,20250423
6.0,8,2,2,0,12,0,27,27,105,54755,away,137,20250423
5.0,6,6,4,4,3,0,26,21,98,52528,home,137,20250423
5.667,10,6,6,1,2,1,27,25,100,69745,away,138,20250423
5.333,7,2,2,2,5,0,24,21,96,65320,home,138,20250423
6.0,3,2,2,2,5,2,24,22,87,55855,away,139,20250423
4.0,12,10,10,1,0,3,25,24,87,69032,home,139,20250423
3.0,1,2,2,3,3,1,13,10,53,53262,away,140,20250423
4.333,5,3,1,4,2,0,22,18,89,54319,home,140,20250423
6.0,3,0,0,2,7,0,23,21,100,55903,away,141,20250424
5.0,5,2,1,1,4,0,20,18,77,55146,home,141,20250424
6.0,7,4,4,1,7,1,25,23,93,76715,away,142,20250424
6.0,4,3,3,5,9,0,27,22,108,64021,home,142,20250424
3.667,7,4,4,1,3,1,18,17,74,52641,away,143,20250424
6.0,5,2,2,1,4,2,24,23,90,69446,home,143,20250424
5.667,4,1,1,1,6,0,22,21,102,62869,away,144,20250424
3.0,2,4,4,5,0,0,16,8,67,53006,home,144,20250424
6.0,2,0,0,5,4,0,25,20,102,55257,away,145,20250424
3.0,5,4,4,1,2,1,15,14,50,54368,home,145,20250424
6.0,5,2,2,3,5,0,25,22,93,55536,away,146,20250425
5.0,5,3,2,4,5,0,24,20,106,67263,home,146,20250425
3.0,6,1,1,1,4,0,15,14,61,66018,away,147,20250425
3.333,2,3,2,4,2,1,17,13,83,60841,home,147,20250425
3.0,4,4,4,5,3,1,17,12,81,53973,away,148,20250425
0.667,0,2,2,5,0,0,7,1,27,54401,home,148,20250425
3.667,7,5,3,4,7,0,22,17,77,67143,away,149,20250425
5.0,6,5,5,4,2,0,23,19,88,77637,home,149,20250425
6.0,1,0,0,1,10,0,20,19,97,50030,away,150,20250425
6.0,4,1,1,3,6,0,25,21,102,65056,home,150,20250425
4.333,6,3,1,4,3,0,23,18,85,67539,away,151,20250426
7.0,7,2,2,1,10,0,28,26,93,55239,home,151,20250426
3.0,8,6,6,2,1,2,18,16,65,69108,away,152,20250426
7.0,1,0,0,2,8,0,24,22,97,55633,home,152,20250426
7.0,3,1,1,1,7,0,25,23,105,55322,away,153,20250426
6.333,2,0,0,2,14,0,23,21,98,54833,home,153,20250426
3.667,4,4,4,5,3,0,20,14,86,77211,away,154,20250426
7.0,6,1,1,1,8,1,28,27,102,53375,home,154,20250426
6.0,6,2,2,2,4,0,26,23,83,64001,away,155,20250426
7.667,3,1,1,2,8,0,28,25,100,52701,home,155,20250426
3.333,3,2,2,2,0,0,13,11,51,69594,away,156,20250427
5.0,4,3,3,2,1,1,20,18,83,51264,home,156,20250427
6.0,5,1,1,3,6,0,25,22,96,64350,away,157,20250427
3.333,9,7,7,1,2,1,20,19,84,77829,home,157,20250427
4.0,6,3,3,2,3,2,20,18,90,68902,away,158,20250427
5.0,2,0,0,2,1,0,19,16,78,54443,home,158,20250427
6.0,7,3,3,1,6,1,25,23,85,61101,away,159,20250427
6.0,4,2,2,4,3,0,24,20,89,54640,home,159,20250427
6.0,4,2,1,1,4,0,23,20,90,50859,away,160,20250427
7.0,3,0,0,4,5,0,26,22,109,55730,home,160,20250427
6.0,2,0,0,3,7,0,22,19,96,69032,away,161,20250429
5.0,4,2,2,1,5,0,19,18,90,53259,home,161,20250429
6.333,3,1,1,2,6,0,24,21,96,65320,away,162,20250429
5.0,4,1,1,2,6,1,21,19,94,55855,home,162,20250429
5.0,7,5,5,4,2,0,25,21,101,55912,away,163,20250429
5.667,6,3,0,2,3,1,24,21,90,69745,home,163,20250429
7.0,2,1,1,1,6,1,25,24,95,52528,away,164,20250429
6.0,10,3,3,3,2,0,29,25,98,54319,home,164,20250429
5.0,6,3,3,2,7,2,23,20,86,51111,away,165,20250429
6.0,4,2,2,4,3,1,26,22,106,54755,home,165,20250429
6.0,5,3,2,2,3,1,24,22,87,54354,away,166,20250430
6.333,8,6,6,3,2,0,28,23,89,55257,home,166,20250430
7.0,8,4,3,0,3,1,29,27,104,69446,away,167,20250430
5.0,6,3,3,2,0,0,21,17,88,62869,home,167,20250430
7.0,4,0,0,2,7,0,24,22,114,55903,away,168,20250430
4.667,5,2,2,3,3,1,21,17,64,52641,home,168,20250430
5.0,6,3,2,2,2,0,24,21,93,64021,away,169,20250430
3.667,8,6,6,2,2,1,19,17,66,66018,home,169,20250430
6.0,4,1,1,2,6,0,23,21,99,55146,away,170,20250430
7.0,6,2,2,1,6,1,27,25,98,76715,home,170,20250430
6.0,5,3,3,3,6,0,25,22,90,50030,away,171,20250501
6.0,3,1,1,2,4,1,23,21,85,67263,home,171,20250501
4.0,3,2,2,1,5,1,16,15,78,51454,away,172,20250501
5.0,3,1,1,5,5,0,21,16,90,53898,home,172,20250501
7.0,3,0,0,1,6,0,24,23,100,55536,away,174,20250501
3.667,6,3,3,3,1,0,20,17,67,69360,home,174,20250501
5.0,5,1,0,2,6,0,22,20,96,54833,away,176,20250502
5.0,5,2,2,2,4,1,21,19,96,67143,home,176,20250502
5.0,4,2,2,1,4,0,19,18,77,66920,away,177,20250502
6.333,3,0,0,2,4,0,24,22,93,67539,home,177,20250502
6.0,2,1,0,3,2,0,22,16,82,55239,away,178,20250502
6.0,5,2,0,3,5,0,27,24,109,53375,home,178,20250502
5.667,6,1,1,2,6,1,25,22,100,55322,away,179,20250502
6.0,16,5,3,2,6,0,35,32,103,64001,home,179,20250502
5.0,4,2,2,3,3,0,21,18,85,65056,away,180,20250502
6.0,4,2,2,1,8,1,23,22,92,55633,home,180,20250502
6.0,6,4,0,1,7,0,26,25,105,77829,away,182,20250503
6.0,4,1,1,3,3,0,22,19,88,61101,home,182,20250503
1.667,4,3,3,1,1,0,10,9,44,68902,away,183,20250503
3.0,7,4,4,1,1,1,16,15,51,69594,home,183,20250503
7.0,3,1,1,2,6,0,25,23,100,51264,away,184,20250503
5.333,7,4,4,1,4,1,24,23,99,54443,home,184,20250503
4.333,9,8,8,5,4,0,27,22,94,64350,away,185,20250503
6.0,4,0,0,3,5,0,24,21,94,50859,home,185,20250503
4.0,5,7,7,8,2,2,21,13,98,60841,away,186,20250504
6.0,5,3,3,1,2,1,24,23,87,55138,home,186,20250504
3.0,4,4,4,3,0,0,16,13,68,52995,away,187,20250504
5.333,7,5,5,3,3,2,26,23,100,52528,home,187,20250504
3.333,5,5,5,2,1,3,16,13,57,53259,away,188,20250504
1.0,3,4,4,2,0,0,7,5,23,54467,home,188,20250504
3.667,3,1,1,3,2,0,16,13,49,66018,away,189,20250504
6.0,5,4,4,2,5,0,25,23,94,69032,home,189,20250504
7.0,2,1,0,2,5,0,25,23,101,55730,away,190,20250504
7.0,3,1,1,3,10,0,27,24,101,54640,home,190,20250504
6.0,8,4,4,0,5,1,26,26,99,51111,away,191,20250505
6.0,4,1,1,4,5,0,24,19,76,55257,home,191,20250505
8.0,3,1,1,1,3,0,26,25,90,55855,away,192,20250505
5.0,7,6,6,2,6,1,24,21,89,52530,home,192,20250505
7.0,3,0,0,2,3,0,26,24,95,55912,away,193,20250505
5.0,5,2,2,0,0,0,19,19,60,64768,home,193,20250505
6.0,5,1,1,2,5,0,24,22,96,77637,away,194,20250505
3.0,6,6,6,4,4,0,19,15,77,54319,home,194,20250505
6.333,6,2,2,1,8,1,26,24,92,65320,away,195,20250505
7.0,3,1,1,1,5,1,23,22,107,54755,home,195,20250505
7.0,4,1,1,0,5,0,24,24,96,55146,away,196,20250506
5.0,6,5,5,1,3,2,22,19,89,67263,home,196,20250506
3.333,5,4,3,1,2,1,16,14,69,62869,away,197,20250506
7.0,2,0,0,4,7,0,26,22,96,64021,home,197,20250506
6.0,7,1,1,0,9,0,24,24,98,55903,away,198,20250506
4.333,7,3,3,2,3,1,22,20,92,54354,home,198,20250506
6.0,4,3,3,3,5,0,25,22,93,69745,away,199,20250506
5.0,4,3,3,4,2,0,21,16,78,69360,home,199,20250506
6.0,7,3,3,1,3,0,26,24,97,69446,away,200,20250506
5.0,4,1,1,4,6,0,23,19,85,76715,home,200,20250506
4.0,3,1,1,1,4,0,16,15,57,68419,away,201,20250507
7.0,5,2,2,1,7,0,27,26,96,55239,home,201,20250507
2.333,6,5,5,2,1,1,14,11,46,53898,away,202,20250507
7.667,5,1,1,1,9,0,26,25,100,55536,home,202,20250507
5.0,3,1,1,0,5,1,18,18,71,53973,away,203,20250507
4.667,6,6,6,5,5,1,25,19,92,50030,home,203,20250507
5.0,2,1,1,1,4,0,18,16,70,52641,away,204,20250507
5.333,6,5,4,4,5,0,27,23,108,55322,home,204,20250507
3.0,6,4,4,2,1,1,17,15,65,51454,away,205,20250507
6.0,6,2,2,4,8,0,27,22,105,52701,home,205,20250507
3.667,5,4,4,2,2,4,18,16,69,65056,away,210,20250509
6.0,5,2,2,2,8,1,25,23,95,64350,home,210,20250509
6.0,3,1,1,2,9,1,23,21,110,55730,away,211,20250510
3.0,5,2,2,2,1,0,16,13,51,66018,home,211,20250510
6.0,6,3,3,2,6,0,26,23,104,67143,away,214,20250510
6.667,10,5,5,2,2,1,30,26,103,53375,home,214,20250510
6.0,2,1,0,5,5,0,25,20,92,61101,away,219,20250510
4.333,7,4,4,3,4,1,23,19,103,54443,home,219,20250510
6.0,8,3,3,0,1,1,25,25,98,68902,away,216,20250510
5.0,3,2,2,1,3,1,19,18,94,51264,home,216,20250510
6.0,3,0,0,3,7,0,24,21,112,55633,away,217,20250510
5.667,2,2,1,2,7,0,21,17,96,54833,home,217,20250510
3.0,8,5,5,1,1,2,17,16,71,67539,away,218,20250510
4.667,11,8,6,2,3,1,26,23,93,64001,home,218,20250510
5.0,7,4,4,0,3,2,22,19,85,55138,away,220,20250511
5.333,4,3,2,3,4,0,22,18,94,65320,home,220,20250511
8.0,1,0,0,2,9,0,26,24,93,54755,away,221,20250511
5.0,5,5,4,4,4,1,25,21,99,54319,home,221,20250511
5.0,4,4,1,3,0,0,23,20,93,55912,away,222,20250511
2.333,3,8,8,7,1,0,16,8,65,55257,home,222,20250511
5.0,5,2,2,2,3,0,21,19,93,66920,away,225,20250511
2.333,5,4,4,2,1,1,14,12,51,53259,home,225,20250511
4.0,8,7,7,2,4,0,21,17,82,54640,away,223,20250511
5.0,4,3,2,4,3,1,24,20,93,55855,home,223,20250511
5.333,3,3,3,2,5,0,21,18,79,77637,away,226,20250511
7.0,1,1,1,1,7,1,25,24,96,77829,home,226,20250511
6.333,4,1,0,1,8,0,24,23,102,64021,away,224,20250511
5.0,6,4,4,5,2,1,25,19,93,69032,home,224,20250511
6.0,5,1,1,3,5,0,26,23,104,52530,away,227,20250511
5.667,3,1,1,7,3,0,26,19,96,50859,home,227,20250511
4.0,7,6,6,3,1,3,22,19,89,69360,away,228,20250513
5.333,8,5,5,2,7,1,26,24,92,55146,home,228,20250513
6.0,4,2,2,1,10,1,23,22,100,55903,away,229,20250513
6.0,4,2,2,1,2,1,22,21,80,62869,home,229,20250513
6.0,7,3,3,2,4,0,26,24,108,55536,away,230,20250513
5.333,4,1,0,2,1,0,23,21,87,69745,home,230,20250513
6.0,8,1,1,1,3,0,24,23,84,67263,away,231,20250513
6.0,6,1,0,0,5,0,23,23,99,76715,home,231,20250513
5.0,6,4,2,3,7,1,26,21,95,54354,away,232,20250513
5.0,5,0,0,3,2,0,23,20,89,51454,home,232,20250513
5.0,6,4,3,2,6,0,24,22,114,55322,away,233,20250514
6.0,4,0,0,2,5,0,24,22,108,51111,home,233,20250514
5.0,3,1,1,4,5,0,20,16,79,53973,away,234,20250514
2.667,7,5,3,3,0,0,17,12,63,53898,home,234,20250514
4.333,5,0,0,2,5,0,19,17,83,62363,away,235,20250514
4.0,4,2,2,3,4,0,18,14,69,53613,home,235,20250514
3.333,2,0,0,0,5,0,12,12,54,55239,away,236,20250514
5.0,6,3,3,2,7,0,23,21,94,52701,home,236,20250514
6.0,5,2,2,2,6,1,25,23,102,50030,away,237,20250514
6.0,7,3,3,0,7,1,24,24,104,69446,home,237,20250514
5.0,4,3,3,4,5,1,23,19,101,64350,away,238,20250515
7.0,4,1,1,2,6,0,26,23,82,61101,home,238,20250515
5.333,6,3,3,0,2,1,21,21,90,68902,away,239,20250515
6.0,2,0,0,2,10,0,22,20,94,54833,home,239,20250515
5.667,10,6,6,2,3,0,28,25,102,67539,away,240,20250515
6.0,4,2,2,0,7,0,22,20,86,55633,home,240,20250515
2.0,4,2,2,3,2,0,13,10,57,51264,away,241,20250515
2.0,7,5,5,1,2,1,14,13,51,65056,home,241,20250515
4.0,6,5,4,1,5,0,19,17,78,64001,away,242,20250515
6.0,2,0,0,3,2,0,23,20,93,53375,home,242,20250515
5.0,8,2,1,1,5,0,22,21,100,50859,away,248,20250517
4.667,7,4,4,4,4,0,24,20,101,67143,home,248,20250517
3.0,3,3,3,4,1,1,16,12,61,69032,away,253,20250517
4.667,3,1,1,4,2,0,21,17,92,55138,home,253,20250517
5.0,5,3,3,1,5,1,21,20,94,54443,away,249,20250517
5.0,8,5,5,4,5,0,27,20,102,64021,home,249,20250517
3.0,5,5,5,2,3,0,16,14,55,65320,away,254,20250517
4.333,5,4,4,3,2,1,20,17,83,52530,home,254,20250517
5.667,6,3,3,4,8,1,27,23,116,55257,away,250,20250517
7.0,6,2,2,3,8,1,28,24,102,54640,home,250,20250517
3.667,6,4,4,1,2,1,18,17,70,55267,away,255,20250517
6.0,6,1,1,1,7,1,25,24,91,77637,home,255,20250517
6.0,5,1,1,3,4,0,27,24,105,77829,away,251,20250517
8.0,2,0,0,1,18,0,27,26,113,55730,home,251,20250517
7.0,3,1,1,1,11,0,25,24,102,55855,away,256,20250517
5.0,5,4,4,2,8,0,22,19,102,54755,home,256,20250517
4.0,4,2,2,7,3,1,23,16,89,66018,away,252,20250517
6.0,4,1,0,1,5,0,25,24,99,55912,home,252,20250517
5.0,4,1,1,3,4,0,20,17,90,54368,away,257,20250517
4.0,5,2,2,1,4,1,17,16,68,66920,home,257,20250517
6.0,6,5,5,1,9,2,25,24,89,54354,away,258,20250518
6.0,5,1,1,0,3,0,22,22,97,55146,home,258,20250518
4.0,3,3,3,4,3,0,19,14,77,51454,away,259,20250518
6.0,5,1,1,3,8,0,26,23,95,55536,home,259,20250518
4.667,3,4,4,4,4,1,21,17,97,67263,away,260,20250518
6.0,8,3,3,2,4,1,27,25,101,69745,home,260,20250518
5.0,8,2,2,2,1,0,24,20,86,62869,away,261,20250518
3.0,6,4,4,3,2,0,18,15,78,76715,home,261,20250518
5.0,1,0,0,1,2,0,17,16,63,69360,away,262,20250518
8.0,1,0,0,1,12,0,27,26,108,55903,home,262,20250518
4.333,6,3,3,1,4,1,21,20,71,52809,away,263,20250520
7.0,4,4,2,3,5,0,30,27,100,55239,home,263,20250520
5.0,7,3,3,1,4,1,23,22,97,51111,away,264,20250520
1.0,4,9,9,7,2,0,14,7,54,67588,home,264,20250520
4.333,3,3,3,3,3,0,20,17,68,53613,away,265,20250520
5.333,5,1,1,1,3,0,20,19,70,64768,home,265,20250520
8.0,5,1,1,3,6,0,30,26,96,69446,away,266,20250520
6.0,4,1,1,1,6,0,23,22,96,55322,home,266,20250520
6.0,4,0,0,2,4,0,24,22,92,52701,away,267,20250520
6.0,6,4,4,4,3,1,27,23,91,53973,home,267,20250520
6.0,5,0,0,2,8,0,23,21,95,54833,away,268,20250521
4.0,2,3,2,3,3,0,18,15,75,55268,home,268,20250521
4.667,11,5,5,2,1,0,25,23,86,61101,away,269,20250521
5.0,8,4,3,2,6,2,26,23,102,67539,home,269,20250521
5.0,6,2,1,2,8,0,24,21,106,55633,away,270,20250521
7.0,8,1,1,1,4,0,30,28,94,64001,home,270,20250521
6.0,5,1,1,1,4,0,24,23,102,53375,away,271,20250521
7.0,4,3,3,3,6,0,27,21,96,64350,home,271,20250521
3.333,2,2,1,2,4,0,14,12,58,54729,away,272,20250521
6.0,4,2,2,1,4,0,23,22,101,68902,home,272,20250521
6.0,5,1,1,1,7,0,23,22,82,77829,away,273,20250522
3.0,4,3,3,3,1,1,15,12,57,55267,home,273,20250522
3.333,8,7,6,4,0,0,23,19,88,55138,away,274,20250522
5.0,6,4,4,2,1,2,23,21,87,52530,home,274,20250522
6.667,4,3,0,4,4,0,27,23,88,77637,away,275,20250522
5.0,11,7,6,2,3,1,27,25,76,69032,home,275,20250522
7.667,3,0,0,2,5,0,27,25,86,54443,away,276,20250522
5.0,1,0,0,2,3,0,18,16,80,54368,home,276,20250522
5.0,5,2,2,1,4,0,21,20,89,55730,away,277,20250522
5.333,3,3,3,3,5,1,22,19,83,52995,home,277,20250522
7.0,7,1,1,2,6,0,29,26,104,55912,away,278,20250523
6.0,1,0,0,4,4,0,22,18,97,55257,home,278,20250523
7.0,2,1,1,2,11,0,24,22,99,67143,away,279,20250523
6.0,4,2,2,2,2,0,24,21,97,55855,home,279,20250523
6.333,8,4,4,1,8,0,28,25,98,54640,away,280,20250523
2.333,4,3,3,4,6,0,15,11,65,50441,home,280,20250523
5.0,6,3,3,2,1,1,22,18,82,50859,away,281,20250523
5.667,8,5,5,3,1,0,27,24,108,54319,home,281,20250523
6.333,7,4,3,3,3,0,28,25,98,64021,away,282,20250523
8.0,4,2,2,0,11,1,28,28,98,54755,home,282,20250523
6.0,8,4,4,1,7,1,26,24,101,54354,away,283,20250524
4.0,9,8,8,2,1,1,23,21,95,69360,home,283,20250524
5.0,8,6,4,2,6,2,24,22,92,55536,away,284,20250524
5.0,7,3,3,1,4,0,22,21,90,76715,home,284,20250524
6.0,5,1,1,3,4,0,24,21,92,55903,away,285,20250524
6.0,6,4,4,2,5,2,24,21,107,67263,home,285,20250524
5.667,7,4,4,2,5,2,26,24,109,55146,away,286,20250524
2.667,2,1,1,3,1,0,13,10,56,51867,home,286,20250524
4.667,5,3,3,3,2,0,21,18,93,69745,away,287,20250524
4.0,7,3,3,1,2,1,20,19,73,51454,home,287,20250524
2.0,3,2,2,5,2,0,14,8,59,66920,away,288,20250525
6.0,5,3,3,4,6,0,28,23,92,55239,home,288,20250525
6.667,4,0,0,3,9,0,26,23,108,51111,away,289,20250525
4.333,5,1,1,1,3,0,18,17,81,52809,home,289,20250525
5.0,3,2,2,1,5,1,19,18,82,53613,away,290,20250525
6.0,5,1,1,0,7,1,23,23,94,69446,home,290,20250525
7.0,6,0,0,0,5,0,27,27,91,50030,away,291,20250525
4.333,2,1,1,3,1,0,17,14,65,66018,home,291,20250525
4.0,7,6,6,1,2,2,20,19,70,62363,away,292,20250525
4.667,7,6,6,3,5,0,23,20,88,52701,home,292,20250525
5.0,3,2,2,4,1,0,21,17,84,54729,away,293,20250527
7.0,5,1,1,2,7,0,26,24,90,61101,home,293,20250527
6.0,3,1,1,0,4,0,21,20,90,68902,away,294,20250527
7.0,5,0,0,0,8,0,26,26,89,54833,home,294,20250527
4.667,5,4,4,3,9,0,23,20,89,55532,away,295,20250527
6.0,8,1,1,0,3,0,24,24,101,53375,home,295,20250527
6.0,8,2,2,2,2,0,28,25,95,51264,away,296,20250527
7.667,3,1,1,2,9,0,28,26,92,64001,home,296,20250527
5.0,8,3,3,2,6,1,24,22,93,64350,away,297,20250527
6.0,6,2,2,1,7,0,24,23,106,55633,home,297,20250527
7.0,6,4,4,1,8,2,27,26,96,55730,away,298,20250528
4.0,5,4,4,0,1,1,17,17,56,55138,home,298,20250528
2.667,6,6,4,4,3,1,18,14,72,53973,away,299,20250528
5.0,5,4,4,3,4,0,21,18,96,77829,home,299,20250528
5.0,4,0,0,2,2,0,21,19,85,55268,away,301,20250528
5.0,6,6,5,2,7,1,23,21,93,69032,home,301,20250528
4.333,7,4,4,1,1,2,22,20,84,54368,away,302,20250528
4.667,10,6,6,2,4,0,25,23,85,77637,home,302,20250528
6.0,6,1,1,1,6,1,24,23,96,54755,away,303,20250529
7.0,5,1,1,1,6,0,26,25,102,67143,home,303,20250529
4.667,7,6,5,4,1,0,24,20,97,55912,away,304,20250529
2.333,3,2,2,2,4,0,12,10,54,51867,home,304,20250529
5.333,6,6,5,4,2,0,27,23,106,64021,away,305,20250529
5.0,3,2,2,5,7,2,23,18,98,65320,home,305,20250529
4.667,7,7,6,6,2,0,27,19,91,55257,away,306,20250529
6.0,7,1,1,1,3,0,24,23,84,50859,home,306,20250529
6.0,6,3,1,2,5,0,24,22,103,54319,away,307,20250529
6.0,8,2,2,3,2,0,27,24,96,54640,home,307,20250529
5.333,4,1,1,3,4,0,21,17,91,51454,away,308,20250530
6.0,6,1,0,1,4,0,24,22,87,54119,home,308,20250530
5.0,8,4,3,2,9,0,25,23,105,55855,away,309,20250530
5.0,6,3,2,2,3,0,23,20,99,55536,home,309,20250530
6.0,3,1,1,2,5,0,21,19,91,76715,away,310,20250530
6.0,7,6,5,3,5,1,28,24,97,55903,home,310,20250530
5.0,6,3,3,3,5,1,25,21,96,69745,away,311,20250530
7.0,4,0,0,1,9,0,26,25,106,54354,home,311,20250530
4.667,7,4,4,1,1,1,21,20,79,67263,away,312,20250530
5.0,4,2,2,4,3,0,23,19,95,66018,home,312,20250530
5.0,8,2,2,2,1,0,24,21,83,65056,away,313,20250531
4.333,4,2,2,3,0,0,20,17,68,52995,home,313,20250531
5.0,2,1,1,5,5,1,22,17,88,53613,away,314,20250531
6.0,4,1,0,2,6,0,25,23,92,50030,home,314,20250531
5.0,5,2,2,1,4,0,21,19,91,69446,away,315,20250531
6.0,9,4,4,1,4,0,27,26,92,55146,home,315,20250531
4.0,4,1,1,2,4,0,17,15,64,52809,away,316,20250531
5.0,4,4,4,6,4,1,26,20,105,67539,home,316,20250531
7.0,2,1,1,1,7,1,23,21,91,55239,away,317,20250531
7.333,1,0,0,3,5,0,26,22,101,55322,home,317,20250531
6.333,5,1,1,0,6,0,25,25,95,51264,away,318,20250601
1.667,0,0,0,0,3,0,5,5,22,54263,away,318,20250601
6.0,6,0,0,2,4,0,26,24,98,69045,home,318,20250601
0.667,1,0,0,0,1,0,3,3,11,55301,home,318,20250601
1.333,0,0,0,0,3,0,4,4,21,52330,home,318,20250601
1.0,2,0,0,1,1,0,6,4,16,76118,home,318,20250601
5.667,10,4,1,2,2,0,30,26,100,54443,away,319,20250601
0.333,0,0,0,2,1,0,3,1,12,50441,away,319,20250601
0.667,1,0,0,0,0,0,3,3,17,50464,away,319,20250601
0.333,0,0,0,0,0,0,1,1,2,78352,away,319,20250601
1.0,0,0,0,0,3,0,3,3,16,62360,away,319,20250601
1.0,0,0,0,0,1,0,3,3,13,53455,away,319,20250601
5.0,7,3,3,1,4,0,23,21,106,61101,home,319,20250601
1.0,1,0,0,1,1,0,4,3,21,75867,home,319,20250601
0.667,0,0,0,2,0,0,4,2,14,69108,home,319,20250601
1.0,2,2,2,0,1,1,5,5,21,53139,home,319,20250601
0.667,3,1,1,1,0,0,6,5,13,55167,home,319,20250601
0.667,0,0,0,0,1,0,2,2,12,50106,home,319,20250601
6.0,4,3,3,3,5,1,24,21,101,54833,away,320,20250601
1.0,2,0,0,1,1,0,6,4,17,73211,away,320,20250601
1.0,0,0,0,1,0,0,3,1,5,68043,away,320,20250601
1.0,0,0,0,0,1,0,3,3,12,51897,away,320,20250601
5.0,4,0,0,1,2,0,20,19,82,52530,home,320,20250601
1.0,0,0,0,1,2,0,5,4,21,50556,home,320,20250601
0.0,1,1,1,0,0,0,1,1,4,76430,home,320,20250601
0.667,1,2,2,1,1,0,4,3,19,68242,home,320,20250601
1.333,1,0,0,0,2,0,5,5,20,51516,home,320,20250601
1.0,1,1,1,0,3,0,4,4,23,62528,home,320,20250601
5.667,4,5,5,5,6,1,25,20,92,54729,away,321,20250601
0.333,1,1,1,0,1,1,2,2,5,65707,away,321,20250601
0.333,3,3,3,0,0,0,4,4,11,54768,away,321,20250601
0.0,2,2,2,0,0,0,2,2,13,55743,away,321,20250601
0.667,1,2,2,1,1,1,4,3,19,54702,away,321,20250601
0.333,0,2,2,2,0,0,3,1,9,50711,away,321,20250601
0.667,2,1,1,0,1,0,4,4,14,65769,away,321,20250601
2.667,4,3,3,2,3,1,14,12,62,52992,home,321,20250601
1.0,0,0,0,2,1,0,5,3,21,55995,home,321,20250601
1.333,0,0,0,0,2,0,4,4,19,67954,home,321,20250601
1.333,1,1,1,0,1,0,6,6,15,54904,home,321,20250601
0.0,1,1,1,0,0,0,1,1,1,63959,home,321,20250601
1.667,0,0,0,0,3,0,5,5,23,64995,home,321,20250601
1.0,1,0,0,0,0,0,4,4,17,51994,home,321,20250601
6.0,6,3,3,1,5,0,26,25,100,55633,away,322,20250601
1.0,0,0,0,0,1,0,3,3,10,66609,away,322,20250601
0.667,1,0,0,0,1,0,3,3,13,63342,away,322,20250601
1.333,0,0,0,1,2,0,5,4,23,50662,away,322,20250601
1.333,7,4,4,0,0,2,11,11,43,64768,home,322,20250601
1.667,0,0,0,0,1,0,5,5,31,69054,home,322,20250601
1.0,1,0,0,0,1,0,4,4,9,73117,home,322,20250601
2.0,1,0,0,2,0,0,9,7,34,54063,home,322,20250601
2.0,0,0,0,1,1,0,7,6,25,65048,home,322,20250601
0.333,3,1,1,0,0,0,4,3,13,65060,home,322,20250601
0.667,1,0,0,0,2,0,3,3,15,67419,home,322,20250601
6.0,1,0,0,1,7,0,20,19,79,51111,away,323,20250603
1.0,0,0,0,1,1,0,4,3,15,65109,away,323,20250603
1.0,0,0,0,0,1,0,3,3,13,68159,away,323,20250603
1.0,0,0,0,0,0,0,3,3,12,61145,away,323,20250603
3.667,7,6,6,4,2,1,22,18,95,53973,home,323,20250603
0.667,2,3,1,2,0,0,7,4,28,55995,home,323,20250603
1.667,3,1,1,2,3,0,10,8,44,51994,home,323,20250603
1.0,0,0,0,0,3,0,3,3,15,63959,home,323,20250603
2.0,6,5,4,1,1,1,13,12,49,64580,home,323,20250603
4.667,6,8,5,4,4,1,27,22,98,69032,away,324,20250603
0.667,1,1,1,2,1,0,5,3,18,67419,away,324,20250603
1.667,2,0,0,0,1,0,7,7,19,50650,away,324,20250603
1.0,0,1,1,2,1,0,5,3,18,55043,away,324,20250603
6.0,2,0,0,1,7,0,20,19,91,55730,home,324,20250603
1.0,0,0,0,1,0,0,4,3,18,55743,home,324,20250603
1.0,0,0,0,0,2,0,3,3,15,65769,home,324,20250603
1.0,2,1,1,1,0,0,6,4,18,54702,home,324,20250603
5.0,5,2,1,1,5,0,22,21,96,77637,away,325,20250603
1.0,0,0,0,0,1,0,4,4,15,54610,away,325,20250603
1.0,0,0,0,0,1,0,3,3,9,66609,away,325,20250603
1.0,1,0,0,0,0,0,3,3,9,52639,away,325,20250603
1.0,1,1,1,1,1,0,5,3,13,69643,away,325,20250603
3.0,1,3,3,5,6,0,15,9,66,68220,home,325,20250603
0.667,4,3,3,1,0,0,7,6,28,55215,home,325,20250603
0.667,0,0,0,1,1,0,3,2,15,68269,home,325,20250603
3.0,3,2,2,2,1,0,11,8,47,68249,home,325,20250603
0.667,4,3,2,0,1,0,7,7,26,67266,home,325,20250603
1.0,1,0,0,0,2,0,4,4,19,72523,home,325,20250603
5.333,11,5,5,1,3,2,26,25,106,53375,away,326,20250603
1.333,0,0,0,0,2,0,4,4,17,65062,away,326,20250603
1.0,0,1,1,1,0,0,4,3,17,50441,away,326,20250603
0.0,1,0,0,1,0,0,2,1,9,78352,away,326,20250603
0.333,0,0,0,1,0,0,2,1,5,50464,away,326,20250603
5.667,6,3,3,1,8,1,24,21,90,77829,home,326,20250603
1.333,1,0,0,0,1,0,5,5,16,53892,home,326,20250603
1.0,0,0,0,0,2,0,3,3,14,73211,home,326,20250603
1.0,1,1,1,0,1,1,4,4,18,51897,home,326,20250603
5.0,7,4,3,3,2,1,24,21,93,54368,away,327,20250603
1.0,0,0,0,0,1,0,3,3,7,50036,away,327,20250603
1.0,2,2,2,2,1,0,7,4,33,67116,away,327,20250603
0.333,2,2,2,2,0,0,5,3,18,55382,away,327,20250603
0.667,1,0,0,0,1,0,3,3,13,67828,away,327,20250603
7.0,2,0,0,1,6,0,24,23,99,55532,home,327,20250603
0.333,1,0,0,0,0,0,2,2,10,76430,home,327,20250603
0.667,0,0,0,0,0,0,2,2,3,54537,home,327,20250603
1.0,1,0,0,0,0,0,5,5,18,69594,home,327,20250603
5.0,6,3,3,3,5,1,24,21,86,54640,away,328,20250604
1.0,0,0,0,0,0,0,3,3,7,54610,away,328,20250604
1.0,0,0,0,0,2,0,3,3,18,65665,away,328,20250604
1.0,1,0,0,0,0,0,4,4,18,63342,away,328,20250604
1.0,2,0,0,0,3,0,5,5,21,69516,away,328,20250604
5.0,3,3,2,4,4,0,21,17,89,55268,home,328,20250604
1.0,1,2,2,1,2,1,5,4,20,66291,home,328,20250604
0.0,1,0,0,0,0,0,2,2,10,65639,home,328,20250604
0.333,0,0,0,0,0,0,1,1,1,72523,home,328,20250604
0.667,0,0,0,0,1,0,2,2,10,52206,home,328,20250604
2.0,4,3,3,1,1,1,11,9,47,55267,home,328,20250604
5.333,7,4,4,1,6,0,24,21,93,65320,away,329,20250604
0.667,1,0,0,0,0,0,3,2,10,77446,away,329,20250604
1.667,0,0,0,0,2,0,5,5,15,50441,away,329,20250604
0.333,1,0,0,1,0,0,3,2,11,75421,away,329,20250604
5.0,2,0,0,1,5,0,17,16,71,51867,home,329,20250604
1.0,1,0,0,0,0,0,3,3,13,68043,home,329,20250604
1.0,2,0,0,0,0,0,5,5,18,73211,home,329,20250604
1.0,1,0,0,0,1,0,4,4,23,53892,home,329,20250604
1.0,1,1,1,0,2,1,4,4,25,51897,home,329,20250604
4.0,6,3,3,3,0,0,21,16,95,54319,away,330,20250604
1.0,0,0,0,0,0,0,3,3,10,66018,away,330,20250604
1.0,1,0,0,0,1,0,5,5,21,50036,away,330,20250604
0.333,3,2,2,0,0,0,4,4,10,55301,away,330,20250604
1.333,1,0,0,1,2,0,6,5,33,52330,away,330,20250604
1.333,2,1,1,1,0,1,6,5,23,76118,away,330,20250604
5.333,6,5,5,5,7,0,27,22,114,64021,home,330,20250604
0.667,2,1,1,0,0,1,4,4,17,51516,home,330,20250604
1.0,0,0,0,0,1,0,3,3,12,54537,home,330,20250604
1.0,1,1,1,0,0,1,4,4,10,50556,home,330,20250604
1.0,2,2,2,0,0,1,5,5,13,76430,home,330,20250604
5.0,9,4,4,3,3,1,24,21,95,67143,away,331,20250604
1.0,3,1,1,0,0,0,6,5,23,69108,away,331,20250604
1.0,1,1,1,1,0,1,4,3,14,65109,away,331,20250604
0.333,0,0,0,3,1,0,4,1,20,61145,away,331,20250604
0.667,0,0,0,0,0,0,1,1,6,68159,away,331,20250604
6.0,6,2,2,4,6,0,28,24,113,55912,home,331,20250604
0.667,3,1,1,0,2,0,5,5,23,67954,home,331,20250604
0.333,0,0,0,0,1,0,1,1,4,63959,home,331,20250604
1.0,2,1,1,2,1,0,7,5,28,64995,home,331,20250604
1.0,1,1,1,1,2,1,5,4,24,65949,home,331,20250604
6.667,7,4,4,1,10,1,28,27,95,50859,away,332,20250604
0.0,1,0,0,0,0,0,1,1,6,73117,away,332,20250604
0.333,0,0,0,0,0,0,1,1,6,69047,away,332,20250604
1.0,1,0,0,0,1,0,4,4,12,65048,away,332,20250604
5.0,4,2,2,4,4,0,23,19,102,54755,home,332,20250604
1.0,1,0,0,0,1,0,4,4,12,65707,home,332,20250604
0.667,0,0,0,0,1,0,2,2,10,54768,home,332,20250604
0.333,1,0,0,0,0,0,2,2,5,67703,home,332,20250604
1.0,1,0,0,1,0,0,4,3,13,61666,home,332,20250604
1.0,2,1,1,1,0,0,6,5,17,53754,home,332,20250604
7.0,5,1,1,2,7,0,27,25,98,69745,away,333,20250605
0.667,1,0,0,0,0,0,3,3,14,66609,away,333,20250605
0.333,0,0,0,0,0,0,1,1,1,52639,away,333,20250605
0.667,1,0,0,1,0,0,4,3,15,63342,away,333,20250605
1.0,3,1,0,0,2,0,6,6,15,50662,away,333,20250605
5.333,6,1,1,1,3,0,24,23,83,67263,home,333,20250605
0.667,0,0,0,0,1,0,2,2,8,72523,home,333,20250605
1.0,1,0,0,0,3,0,4,4,22,52206,home,333,20250605
0.333,0,0,0,1,0,0,2,1,5,66291,home,333,20250605
0.667,0,0,0,0,1,0,2,2,5,67266,home,333,20250605
2.0,2,0,0,0,4,0,8,8,32,54263,home,333,20250605
5.0,3,0,0,0,4,0,17,17,67,51454,away,334,20250605
1.0,0,0,0,2,2,0,5,3,24,62360,away,334,20250605
0.667,2,1,1,1,1,0,5,4,24,55455,away,334,20250605
2.333,1,0,0,0,5,0,8,8,34,53455,away,334,20250605
6.0,6,1,0,1,8,0,25,24,99,55855,home,334,20250605
0.667,0,1,1,1,0,0,3,2,14,68856,home,334,20250605
0.333,1,0,0,2,1,0,4,2,20,50812,home,334,20250605
1.333,1,1,1,0,0,0,5,4,20,54802,home,334,20250605
0.333,0,0,0,3,0,0,4,0,12,68092,home,334,20250605
0.333,0,0,0,0,1,0,1,1,5,66858,home,334,20250605
7.0,7,3,3,2,5,1,31,29,94,64350,away,335,20250605
1.0,1,0,0,1,1,0,4,3,23,66018,away,335,20250605
0.667,2,2,2,2,1,0,6,4,26,67828,away,335,20250605
0.333,0,0,0,0,1,0,1,1,4,55301,away,335,20250605
3.667,10,9,9,4,3,2,24,20,96,55536,home,335,20250605
1.333,2,0,0,0,0,0,6,6,24,69594,home,335,20250605
2.0,1,0,0,0,1,0,7,7,30,65522,home,335,20250605
2.0,4,1,1,0,4,0,10,10,36,51594,home,335,20250605
6.333,7,1,1,0,8,1,25,25,92,54119,away,336,20250605
0.667,0,0,0,1,0,0,3,2,17,75867,away,336,20250605
0.333,1,0,0,2,0,0,4,2,11,53139,away,336,20250605
1.667,0,0,0,0,3,0,5,5,21,50106,away,336,20250605
5.667,7,3,3,3,5,1,26,21,108,55903,home,336,20250605
1.667,2,0,0,1,1,0,7,5,23,66920,home,336,20250605
1.667,0,0,0,0,2,0,5,5,17,54904,home,336,20250605
7.0,2,0,0,2,8,0,24,21,95,54354,away,337,20250605
1.0,1,0,0,0,0,0,4,4,11,69047,away,337,20250605
1.0,2,0,0,0,0,0,4,4,14,50650,away,337,20250605
3.667,8,4,4,2,3,1,20,16,71,76715,home,337,20250605
2.667,5,3,3,1,3,0,15,13,58,54768,home,337,20250605
1.667,1,0,0,2,3,0,8,6,32,55743,home,337,20250605
1.0,0,0,0,0,0,0,3,3,12,65769,home,337,20250605
5.333,7,4,4,0,1,3,22,21,60,67539,away,338,20250606
0.0,0,0,0,1,0,0,1,0,3,54537,away,338,20250606
1.0,1,1,1,0,0,0,4,4,14,69594,away,338,20250606
0.667,1,0,0,1,0,0,4,3,13,51516,away,338,20250606
1.0,1,0,0,0,2,0,4,4,14,68242,away,338,20250606
6.0,2,0,0,1,4,0,23,22,90,55239,home,338,20250606
1.0,1,0,0,0,0,0,4,4,16,67266,home,338,20250606
0.333,1,2,2,1,1,1,3,2,17,66291,home,338,20250606
1.667,2,0,0,0,1,0,6,6,23,55215,home,338,20250606
5.0,7,6,5,2,5,2,24,22,93,52995,away,339,20250606
2.0,0,0,0,1,1,0,7,6,35,52992,away,339,20250606
1.0,2,1,1,0,1,0,5,5,22,68928,away,339,20250606
7.0,9,3,3,0,1,1,26,26,84,69446,home,339,20250606
1.0,1,0,0,0,1,0,4,4,19,55455,home,339,20250606
1.0,1,0,0,0,1,0,3,3,11,62360,home,339,20250606
3.0,5,4,4,2,5,0,17,15,72,52809,away,340,20250606
1.0,2,1,0,0,0,0,5,5,13,50812,away,340,20250606
3.0,5,3,3,3,1,0,15,10,62,66858,away,340,20250606
1.0,3,2,2,0,0,0,6,6,18,54803,away,340,20250606
6.0,6,3,3,0,6,1,24,24,87,50030,home,340,20250606
1.0,1,0,0,1,2,0,5,4,21,65048,home,340,20250606
1.0,1,0,0,0,2,0,4,4,15,54063,home,340,20250606
1.0,1,0,0,0,0,0,4,4,14,69054,home,340,20250606
6.0,6,2,2,0,9,1,22,22,109,65056,away,341,20250606
1.0,2,1,1,0,1,1,5,5,23,65707,away,341,20250606
0.0,0,0,0,1,0,0,1,0,6,60768,away,341,20250606
1.0,1,0,0,0,1,0,3,3,13,65769,away,341,20250606
6.0,3,0,0,1,7,0,22,21,79,53613,home,341,20250606
1.0,2,1,1,0,1,1,5,5,14,66609,home,341,20250606
1.0,0,0,0,0,0,0,2,2,6,65665,home,341,20250606
1.0,2,1,1,0,1,1,5,5,16,50662,home,341,20250606
7.0,5,0,0,3,4,0,29,25,102,55146,away,342,20250606
1.0,1,1,1,0,1,1,4,4,14,75867,away,342,20250606
1.0,1,1,1,0,1,1,4,4,9,55167,away,342,20250606
5.0,3,1,1,3,3,0,21,18,79,55322,home,342,20250606
1.0,1,0,0,0,0,0,3,3,15,55301,home,342,20250606
1.0,1,0,0,1,1,0,5,3,19,50036,home,342,20250606
1.0,1,0,0,1,1,0,5,4,24,52330,home,342,20250606
1.0,1,0,0,0,0,0,4,3,10,76118,home,342,20250606
1.0,0,0,0,0,1,0,3,3,10,69360,home,342,20250606
5.0,7,4,4,2,4,0,23,20,69,52530,away,343,20250607
1.667,0,0,0,0,2,0,5,5,20,50556,away,343,20250607
1.333,0,0,0,0,0,0,5,5,24,54537,away,343,20250607
1.0,0,0,0,0,1,0,4,4,21,62528,away,343,20250607
6.0,9,6,5,0,4,1,26,25,100,51264,home,343,20250607
0.0,1,2,2,1,0,0,2,1,9,61643,home,343,20250607
0.0,2,1,1,0,0,0,2,2,5,72523,home,343,20250607
2.0,1,0,0,1,1,0,6,5,21,65639,home,343,20250607
1.0,0,0,0,0,1,0,3,3,16,68830,home,343,20250607
1.667,3,6,2,1,0,1,11,9,43,68902,away,344,20250607
0.667,1,0,0,1,0,0,4,3,16,63959,away,344,20250607
0.667,1,0,0,0,2,0,3,3,14,51994,away,344,20250607
2.0,2,1,1,0,1,1,7,7,25,54904,away,344,20250607
1.333,1,0,0,1,1,0,6,5,23,67954,away,344,20250607
1.667,1,0,0,0,1,0,6,6,19,64995,away,344,20250607
1.0,2,0,0,0,1,0,5,5,20,65949,away,344,20250607
3.0,6,4,4,2,3,1,16,13,71,54443,home,344,20250607
0.667,3,2,2,0,1,1,5,5,19,75421,home,344,20250607
2.667,4,2,2,2,2,0,14,12,49,50441,home,344,20250607
0.0,2,1,1,0,0,0,2,2,5,78352,home,344,20250607
1.667,1,0,0,0,3,0,6,6,23,50464,home,344,20250607
0.667,3,2,2,0,1,0,5,5,21,65062,home,344,20250607
0.333,0,0,0,0,0,0,1,1,2,54404,home,344,20250607
5.667,7,3,3,1,10,0,25,23,87,54833,away,345,20250607
0.333,1,0,0,0,0,0,2,2,8,53892,away,345,20250607
1.0,0,0,0,1,1,0,4,3,17,73211,away,345,20250607
1.0,2,0,0,0,2,0,6,6,17,68043,away,345,20250607
6.0,6,1,1,2,7,0,25,22,98,64001,home,345,20250607
0.667,0,0,0,0,0,0,2,2,15,73117,home,345,20250607
0.333,0,0,0,0,1,0,1,1,1,69047,home,345,20250607
0.667,1,1,1,0,1,0,3,3,10,54063,home,345,20250607
1.333,1,0,0,0,3,0,5,5,25,52060,home,345,20250607
5.0,1,1,0,4,5,0,19,15,86,54729,away,346,20250607
0.333,1,1,1,1,0,0,3,2,10,65707,away,346,20250607
1.667,0,0,0,1,1,0,6,4,17,67703,away,346,20250607
1.0,0,0,0,0,2,0,3,3,11,61666,away,346,20250607
1.0,0,0,0,2,2,0,5,3,21,53754,away,346,20250607
1.667,1,0,0,3,1,0,8,4,28,63765,away,346,20250607
0.333,0,0,0,0,0,0,1,1,6,65769,away,346,20250607
7.0,6,2,2,2,9,0,26,24,108,55633,home,346,20250607
0.333,0,0,0,0,0,0,1,1,2,54610,home,346,20250607
0.333,1,0,0,1,0,0,3,2,15,65665,home,346,20250607
1.333,0,0,0,0,1,0,4,4,16,63342,home,346,20250607
1.667,1,1,1,0,3,0,6,6,29,52639,home,346,20250607
0.333,1,0,0,0,0,0,2,2,7,68619,home,346,20250607
5.0,6,3,3,1,1,0,20,19,72,61101,away,347,20250607
1.0,0,0,0,0,1,0,3,3,13,63950,away,347,20250607
1.0,0,0,0,1,0,0,3,1,9,53139,away,347,20250607
0.667,1,1,1,1,1,0,4,3,17,69113,away,347,20250607
0.333,1,0,0,0,0,0,2,2,7,69108,away,347,20250607
8.0,3,1,1,0,6,0,26,26,101,69045,home,347,20250607
1.0,1,0,0,0,0,0,3,3,5,52330,home,347,20250607
7.0,2,0,0,3,5,0,27,24,97,51111,away,348,20250608
1.0,2,0,0,0,0,0,5,5,16,55167,away,348,20250608
1.0,3,2,2,1,1,1,6,5,18,50106,away,348,20250608
5.0,2,1,1,0,5,0,18,18,65,55313,home,348,20250608
1.0,1,1,1,2,0,0,6,4,15,69360,home,348,20250608
0.667,3,3,3,0,1,1,5,5,22,55301,home,348,20250608
0.333,2,2,2,0,0,1,3,3,6,54368,home,348,20250608
1.0,1,0,0,1,1,0,5,4,25,53301,home,348,20250608
1.0,1,0,0,1,2,0,5,4,21,67116,home,348,20250608
6.667,4,2,2,2,5,0,27,25,96,55532,away,349,20250608
0.667,1,0,0,1,0,0,4,3,14,68242,away,349,20250608
0.667,0,0,0,0,0,0,2,2,7,50556,away,349,20250608
1.0,1,0,0,0,0,0,4,4,8,62528,away,349,20250608
5.0,6,2,2,2,4,0,22,20,87,68220,home,349,20250608
1.333,1,1,0,0,2,0,6,5,17,67266,home,349,20250608
0.667,1,1,0,1,1,0,3,2,12,52206,home,349,20250608
1.0,0,0,0,0,1,0,3,3,11,66291,home,349,20250608
1.0,0,0,0,1,2,0,4,3,22,54263,home,349,20250608
5.0,0,1,1,4,7,0,18,14,79,53919,away,350,20250608
1.0,1,0,0,0,1,0,4,4,16,54904,away,350,20250608
1.0,0,0,0,1,0,0,4,3,16,67954,away,350,20250608
1.0,0,0,0,0,0,0,3,3,17,64995,away,350,20250608
9.0,2,0,0,2,6,0,30,27,97,53375,home,350,20250608
2.667,4,1,1,2,1,0,13,11,51,54802,away,351,20250608
1.0,1,0,0,0,1,0,4,4,19,50812,away,351,20250608
1.333,0,0,0,0,0,0,4,4,20,68856,away,351,20250608
1.0,1,1,1,0,0,1,4,4,14,53892,away,351,20250608
1.0,0,0,0,0,3,0,3,3,17,68043,away,351,20250608
1.0,0,0,0,0,0,0,3,3,11,73211,away,351,20250608
1.0,0,0,0,0,1,0,3,3,13,51897,away,351,20250608
5.0,4,3,2,3,2,1,22,19,87,69032,home,351,20250608
1.0,1,0,0,1,0,0,5,4,15,65048,home,351,20250608
1.0,0,0,0,0,0,0,3,3,15,69054,home,351,20250608
0.667,1,0,0,0,0,0,3,3,11,69047,home,351,20250608
1.0,0,0,0,1,1,0,4,3,16,54063,home,351,20250608
0.333,0,0,0,0,0,0,1,1,2,52060,home,351,20250608
5.0,5,5,5,3,7,2,23,20,105,55730,away,352,20250608
1.0,1,0,0,0,1,0,4,4,18,67703,away,352,20250608
1.0,1,0,0,1,1,0,5,4,15,61666,away,352,20250608
0.667,2,1,1,0,0,0,4,4,9,60768,away,352,20250608
1.333,1,0,0,0,3,0,5,5,17,53754,away,352,20250608
0.333,1,1,0,0,0,0,2,2,7,63765,away,352,20250608
0.0,0,0,0,1,0,0,2,1,6,55743,away,352,20250608
2.333,8,5,4,1,2,0,16,13,49,77637,home,352,20250608
2.667,2,0,0,0,1,0,11,10,35,54610,home,352,20250608
1.0,0,0,0,0,0,0,3,3,9,52639,home,352,20250608
2.0,3,1,1,0,1,0,8,7,20,66609,home,352,20250608
2.0,2,0,0,3,1,0,10,6,44,50662,home,352,20250608
3.333,2,2,2,5,2,0,18,13,79,51867,away,353,20250610
1.667,0,0,0,1,1,0,5,4,22,50812,away,353,20250610
1.0,1,0,0,1,1,0,5,4,19,68043,away,353,20250610
1.0,0,0,0,0,0,0,3,3,9,53892,away,353,20250610
1.0,0,0,0,0,1,0,3,3,14,73211,away,353,20250610
1.0,0,0,0,0,1,0,3,3,14,51897,away,353,20250610
4.667,10,5,4,3,2,0,27,24,101,67143,home,353,20250610
2.333,1,0,0,0,2,0,8,8,32,69108,home,353,20250610
0.333,1,1,1,1,0,0,3,2,14,65109,home,353,20250610
0.667,0,0,0,1,1,0,3,2,11,68159,home,353,20250610
1.0,1,0,0,0,0,0,4,4,10,69113,home,353,20250610
5.0,12,8,8,2,2,2,28,25,100,64021,away,354,20250610
1.0,1,1,1,1,0,0,4,3,19,65522,away,354,20250610
0.333,1,2,2,1,0,0,3,2,14,51594,away,354,20250610
1.667,4,1,1,0,1,0,9,9,31,69594,away,354,20250610
6.0,6,3,3,3,5,0,26,23,93,50859,home,354,20250610
1.0,1,0,0,1,1,0,5,4,20,69047,home,354,20250610
1.0,1,0,0,0,0,0,3,3,16,50650,home,354,20250610
1.0,1,0,0,0,3,0,4,4,19,65060,home,354,20250610
6.0,2,0,0,3,7,0,24,21,96,65320,away,355,20250610
1.0,0,0,0,0,3,0,3,3,12,62360,away,355,20250610
1.0,0,0,0,0,1,0,3,3,9,65062,away,355,20250610
1.0,2,0,0,0,0,0,5,5,16,54404,away,355,20250610
6.333,6,3,1,2,2,1,26,24,97,54640,home,355,20250610
0.667,0,0,0,1,1,0,3,2,12,52639,home,355,20250610
0.667,1,4,4,3,0,0,6,3,23,69643,home,355,20250610
1.333,1,1,1,0,1,1,5,5,25,69516,home,355,20250610
6.0,8,2,2,1,3,1,27,26,96,55912,away,356,20250610
1.0,1,0,0,0,1,0,4,4,17,67954,away,356,20250610
1.0,0,0,0,1,1,0,4,3,15,64995,away,356,20250610
1.0,0,0,0,0,2,0,3,3,14,54904,away,356,20250610
1.0,0,0,0,0,1,0,3,3,10,69969,away,356,20250610
1.0,0,0,0,0,1,0,3,3,15,65949,away,356,20250610
5.0,5,0,0,3,5,0,22,19,89,54319,home,356,20250610
1.0,1,0,0,1,0,0,5,4,24,69360,home,356,20250610
0.333,1,2,2,1,0,0,3,2,14,50036,home,356,20250610
0.667,2,0,0,0,1,0,4,4,19,52330,home,356,20250610
1.0,1,0,0,0,1,0,4,4,16,66018,home,356,20250610
1.0,0,0,0,1,0,0,4,3,18,76118,home,356,20250610
1.0,1,0,0,0,0,0,4,4,15,53301,home,356,20250610
1.0,1,0,0,0,0,0,4,4,12,67116,home,356,20250610
6.0,2,1,1,1,6,0,19,17,81,55257,away,357,20250610
0.333,1,1,1,0,1,0,2,2,10,72523,away,357,20250610
0.0,4,4,3,1,0,0,5,4,18,52206,away,357,20250610
0.667,0,0,0,0,0,0,2,2,5,65639,away,357,20250610
1.0,1,0,0,1,0,0,5,4,18,61643,away,357,20250610
7.0,3,0,0,1,10,0,25,24,100,54755,home,357,20250610
0.667,0,0,0,0,0,0,2,2,8,61666,home,357,20250610
0.667,0,0,0,0,1,0,2,2,6,65769,home,357,20250610
0.333,2,2,1,1,1,0,5,3,20,55743,home,357,20250610
0.333,0,0,0,0,0,0,1,1,2,53754,home,357,20250610
5.333,4,3,3,4,3,0,24,20,90,55855,away,358,20250611
0.667,0,0,0,0,0,0,2,2,7,73211,away,358,20250611
0.333,3,3,3,0,0,1,4,4,20,53892,away,358,20250611
0.667,0,0,0,0,0,0,2,2,5,65343,away,358,20250611
1.0,1,0,0,0,2,0,4,4,17,68856,away,358,20250611
4.667,7,3,3,2,6,0,23,21,98,54119,home,358,20250611
1.333,0,0,0,1,0,0,4,3,17,75867,home,358,20250611
1.0,0,0,0,0,1,0,3,3,14,53139,home,358,20250611
0.667,2,1,1,0,0,0,4,4,15,55167,home,358,20250611
1.333,2,0,0,1,1,0,7,6,29,63950,home,358,20250611
5.333,7,3,3,2,9,0,25,23,99,55536,away,359,20250611
1.667,1,0,0,0,1,0,6,6,24,67539,away,359,20250611
1.0,0,0,0,0,1,0,3,3,12,50556,away,359,20250611
1.0,1,0,0,0,0,0,4,4,15,62528,away,359,20250611
6.0,6,1,1,3,5,0,27,23,101,54354,home,359,20250611
0.667,1,0,0,0,0,0,3,3,8,69047,home,359,20250611
0.667,1,1,1,1,1,0,4,3,19,54063,home,359,20250611
0.0,1,2,2,1,0,0,2,1,6,65048,home,359,20250611
0.667,1,0,0,1,1,0,4,3,22,52060,home,359,20250611
1.0,0,0,0,0,0,0,3,3,16,73117,home,359,20250611
5.0,3,1,1,2,3,1,20,18,67,68415,away,360,20250611
0.667,1,2,0,1,0,0,4,3,17,65062,away,360,20250611
0.333,1,2,0,1,0,0,4,3,16,55455,away,360,20250611
1.0,1,0,0,0,2,0,4,4,19,75421,away,360,20250611
1.0,1,1,1,1,1,0,5,4,15,50464,away,360,20250611
5.667,9,2,2,1,6,0,27,26,103,69745,home,360,20250611
0.333,1,0,0,0,0,0,3,3,16,65665,home,360,20250611
1.0,0,0,0,0,2,0,3,3,14,66609,home,360,20250611
1.0,0,0,0,0,0,0,3,3,12,63342,home,360,20250611
1.0,2,1,1,0,1,0,5,5,27,50662,home,360,20250611
7.0,2,0,0,1,15,0,25,24,104,55903,away,361,20250611
1.0,0,0,0,0,1,0,3,3,10,69969,away,361,20250611
1.0,1,1,1,0,1,1,4,4,13,68928,away,361,20250611
5.0,6,4,4,4,5,0,24,20,91,64350,home,361,20250611
1.0,1,1,1,2,2,0,5,3,24,50036,home,361,20250611
1.333,2,2,2,4,1,0,10,6,39,55396,home,361,20250611
1.667,0,0,0,1,1,0,7,6,26,67116,home,361,20250611
4.333,8,5,5,3,2,1,24,21,91,67263,away,362,20250611
1.667,3,2,2,2,0,0,10,7,35,55268,away,362,20250611
2.0,4,2,2,2,0,0,12,10,38,65639,away,362,20250611
5.0,4,1,1,2,2,1,20,18,65,54768,home,362,20250611
1.0,0,0,0,0,2,0,3,3,12,65707,home,362,20250611
1.0,0,0,0,0,2,0,3,3,16,67703,home,362,20250611
1.0,1,0,0,0,0,0,4,4,9,63765,home,362,20250611
1.0,2,0,0,0,0,0,5,5,16,51715,home,362,20250611
2.0,2,1,1,2,0,0,9,6,35,52809,away,363,20250612
1.0,0,0,0,2,1,0,5,2,21,65343,away,363,20250612
0.667,2,1,1,1,0,0,4,3,22,54802,away,363,20250612
1.333,4,4,3,0,2,0,8,8,28,50812,away,363,20250612
1.667,4,1,1,1,1,0,9,8,48,68856,away,363,20250612
1.333,3,1,1,0,0,0,6,6,18,54803,away,363,20250612
5.667,9,4,4,2,5,0,29,27,108,55146,home,363,20250612
1.0,1,0,0,1,2,0,5,4,18,75867,home,363,20250612
1.333,1,0,0,0,4,0,5,5,23,69108,home,363,20250612
1.0,2,2,2,1,1,0,6,5,25,53139,home,363,20250612
2.0,9,6,6,0,1,2,14,14,55,51516,away,364,20250612
2.0,1,0,0,2,3,0,9,7,41,69594,away,364,20250612
0.667,0,0,0,0,1,0,2,2,8,65522,away,364,20250612
0.333,1,0,0,0,1,0,2,2,5,54537,away,364,20250612
2.0,1,0,0,0,3,0,7,7,30,68242,away,364,20250612
1.0,0,0,0,0,1,0,3,3,11,50556,away,364,20250612
1.0,2,1,1,2,1,0,7,5,31,62528,away,364,20250612
1.0,1,0,0,1,0,0,5,4,15,67539,away,364,20250612
5.0,9,6,6,2,5,0,26,24,97,50030,home,364,20250612
0.333,2,0,0,1,0,0,4,3,13,69047,home,364,20250612
1.333,2,1,1,0,1,0,6,6,20,73117,home,364,20250612
1.333,0,0,0,0,1,0,3,3,11,69054,home,364,20250612
1.0,2,0,0,0,1,0,5,5,25,50650,home,364,20250612
0.667,2,5,1,4,2,0,9,5,38,52060,home,364,20250612
0.333,0,0,0,0,0,0,1,1,7,67048,home,364,20250612
5.0,8,1,1,2,5,0,24,22,90,51454,away,365,20250612
0.667,1,0,0,0,0,0,3,3,7,50464,away,365,20250612
1.333,1,0,0,0,2,0,5,5,16,62360,away,365,20250612
1.0,1,0,0,0,1,0,3,3,13,55455,away,365,20250612
1.0,0,0,0,0,1,0,3,3,11,53455,away,365,20250612
5.0,3,2,2,2,6,1,19,17,82,53613,home,365,20250612
1.0,0,0,0,0,1,0,3,3,12,52639,home,365,20250612
1.0,1,0,0,0,0,0,3,3,15,54610,home,365,20250612
1.0,0,0,0,0,0,0,3,3,10,66609,home,365,20250612
1.0,1,0,0,0,1,0,3,3,10,65665,home,365,20250612
1.667,1,4,4,5,1,0,10,5,46,52995,away,366,20250612
0.333,1,0,0,0,0,0,2,2,8,63959,away,366,20250612
1.0,2,0,0,0,1,0,5,5,21,54904,away,366,20250612
0.333,2,1,1,1,1,0,4,3,14,66920,away,366,20250612
1.667,1,0,0,0,2,0,6,5,24,52992,away,366,20250612
1.0,0,0,0,0,1,0,3,3,10,67954,away,366,20250612
1.0,1,0,0,0,2,0,4,4,18,64995,away,366,20250612
1.0,1,1,1,1,0,0,5,2,17,69969,away,366,20250612
2.0,1,0,0,0,2,0,7,7,33,65949,away,366,20250612
3.0,6,4,4,3,2,1,18,15,70,54368,home,366,20250612
2.0,1,1,1,1,1,1,8,7,32,66018,home,366,20250612
2.0,0,0,0,0,3,0,6,6,29,69360,home,366,20250612
1.0,1,0,0,0,1,0,4,4,15,52330,home,366,20250612
1.0,2,1,1,0,0,0,5,5,12,76118,home,366,20250612
0.667,2,2,2,1,2,1,5,4,26,50036,home,366,20250612
0.333,0,0,0,0,0,0,1,1,2,53301,home,366,20250612
6.667,7,3,3,3,2,1,28,23,86,55239,away,367,20250612
0.333,0,0,0,0,0,0,0,0,2,67266,away,367,20250612
1.0,0,0,0,0,1,0,3,3,17,54263,away,367,20250612
5.0,4,2,2,1,9,0,20,19,90,65056,home,367,20250612
1.0,0,0,0,0,0,0,3,3,9,67703,home,367,20250612
0.0,0,0,0,1,0,0,1,0,6,65769,home,367,20250612
1.0,0,0,0,0,2,0,3,3,8,65707,home,367,20250612
0.667,1,0,0,2,0,0,5,2,11,61666,home,367,20250612
1.333,3,0,0,0,2,0,6,6,29,53754,home,367,20250612
5.0,7,4,4,3,6,0,24,19,92,55633,away,371,20250613
5.0,5,1,1,1,1,1,19,18,77,68902,home,371,20250613
6.0,9,4,2,1,5,1,27,26,94,69045,away,373,20250614
1.0,1,0,0,0,0,0,3,3,8,69360,away,373,20250614
1.0,1,0,0,0,0,0,4,4,10,66018,away,373,20250614
6.0,3,0,0,2,2,0,23,21,86,51264,home,373,20250614
0.667,0,1,1,1,1,0,3,2,21,67266,home,373,20250614
0.0,1,0,0,1,0,0,2,1,9,72523,home,373,20250614
0.333,0,0,0,1,1,0,2,1,11,52206,home,373,20250614
1.0,0,0,0,0,2,0,3,3,11,66291,home,373,20250614
1.0,1,0,0,1,2,0,5,4,18,54263,home,373,20250614
6.0,7,1,1,1,6,0,25,23,99,55532,away,374,20250614
1.0,0,0,0,0,0,0,3,3,10,50556,away,374,20250614
1.0,0,0,0,0,0,0,3,3,11,68242,away,374,20250614
1.0,1,1,1,1,1,0,4,3,14,62528,away,374,20250614
6.0,4,2,2,2,4,1,23,21,88,77829,home,374,20250614
1.0,0,0,0,0,2,0,3,3,16,53892,home,374,20250614
0.667,2,2,2,0,0,0,4,4,9,73211,home,374,20250614
0.333,2,0,0,0,1,0,3,3,23,51897,home,374,20250614
1.0,1,0,0,0,1,0,3,3,11,68856,home,374,20250614
7.0,4,0,0,2,8,0,27,25,106,69032,away,375,20250614
0.0,3,3,3,0,0,2,3,3,10,54063,away,375,20250614
1.333,1,0,0,0,2,0,5,5,23,65060,away,375,20250614
0.667,0,0,0,0,0,0,2,2,9,73117,away,375,20250614
4.333,9,7,7,2,6,2,24,21,91,53375,home,375,20250614
1.667,3,3,3,1,1,0,9,8,32,50441,home,375,20250614
2.0,1,0,0,0,1,0,7,7,33,54404,home,375,20250614
1.0,1,0,0,0,0,0,4,4,17,54401,home,375,20250614
5.0,4,3,3,2,3,1,21,19,62,77637,away,376,20250614
1.667,1,0,0,2,2,0,8,6,31,54610,away,376,20250614
0.0,0,0,0,1,0,0,1,0,3,52639,away,376,20250614
1.333,2,1,1,0,1,0,6,6,14,66609,away,376,20250614
0.0,0,2,2,2,0,0,2,0,11,68619,away,376,20250614
1.0,3,2,2,0,2,1,6,6,21,50662,away,376,20250614
1.333,2,4,3,3,2,1,8,5,35,53919,home,376,20250614
2.0,1,2,2,1,2,0,8,7,41,52992,home,376,20250614
0.667,3,2,2,0,1,0,5,5,22,54904,home,376,20250614
1.0,0,0,0,1,0,0,4,3,11,68900,home,376,20250614
1.0,0,0,0,1,0,0,4,3,17,69969,home,376,20250614
1.0,0,0,0,1,1,0,3,2,14,66920,home,376,20250614
2.0,2,1,1,0,2,1,8,8,33,68928,home,376,20250614
6.0,2,0,0,3,3,0,22,19,89,61101,away,377,20250614
0.333,4,2,2,0,1,0,5,5,23,63950,away,377,20250614
0.667,0,0,0,0,0,0,1,1,1,75867,away,377,20250614
0.333,0,0,0,2,0,0,3,1,23,69108,away,377,20250614
1.667,0,0,0,0,1,0,5,5,15,50106,away,377,20250614
0.333,1,0,0,1,1,0,3,2,9,55167,away,377,20250614
1.667,3,0,0,0,0,0,5,5,21,53139,away,377,20250614
6.0,4,1,1,1,10,0,23,21,103,55730,home,377,20250614
1.0,1,0,0,0,1,0,4,4,20,67703,home,377,20250614
0.333,1,1,1,1,0,0,2,1,8,61666,home,377,20250614
0.0,0,0,0,2,0,0,2,0,8,65769,home,377,20250614
1.667,1,0,0,0,0,0,4,2,16,53754,home,377,20250614
2.0,0,0,0,0,2,0,6,6,26,65707,home,377,20250614
4.333,6,3,0,1,1,0,20,19,89,55313,away,378,20250615
0.667,1,0,0,1,1,0,3,2,15,66018,away,378,20250615
2.0,1,0,0,0,1,0,7,6,27,69360,away,378,20250615
1.0,0,0,0,1,0,0,3,2,15,52330,away,378,20250615
7.667,6,2,2,0,3,1,29,29,94,68220,home,378,20250615
1.333,0,0,0,2,3,0,6,4,24,54263,home,378,20250615
5.333,5,1,1,2,6,1,23,21,99,52530,away,379,20250615
0.333,0,0,0,0,1,0,1,1,4,54537,away,379,20250615
1.0,0,0,0,0,1,0,3,3,9,65522,away,379,20250615
0.333,0,0,0,0,0,0,1,1,3,67588,away,379,20250615
1.0,1,0,0,0,2,0,5,5,16,50556,away,379,20250615
7.0,5,0,0,1,11,0,26,25,96,54833,home,379,20250615
1.0,0,0,0,2,0,0,5,2,17,53892,home,379,20250615
1.0,0,0,0,0,0,0,3,3,11,51897,home,379,20250615
6.0,10,3,2,2,4,0,29,27,114,64001,away,380,20250615
1.0,2,0,0,0,1,0,5,5,20,69047,away,380,20250615
1.0,2,0,0,0,1,0,5,5,20,69054,away,380,20250615
1.0,1,1,1,1,1,0,5,4,20,51058,away,380,20250615
4.0,6,6,6,1,3,2,19,18,79,65320,home,380,20250615
2.0,7,9,7,1,0,2,15,13,49,50464,home,380,20250615
3.0,2,1,1,0,5,1,11,11,41,54401,home,380,20250615
6.667,1,1,1,2,9,0,24,22,111,54640,away,381,20250615
0.0,1,1,1,1,0,1,2,1,7,65665,away,381,20250615
1.333,1,0,0,2,2,0,7,5,31,63342,away,381,20250615
1.0,0,0,0,1,1,0,4,3,20,50662,away,381,20250615
6.0,7,3,3,1,10,1,26,25,104,55912,home,381,20250615
0.333,1,1,1,0,0,0,2,1,5,69969,home,381,20250615
0.333,0,0,0,3,1,0,4,1,18,64995,home,381,20250615
0.333,0,0,0,0,0,0,1,1,3,63959,home,381,20250615
1.0,1,0,0,1,1,0,5,4,11,54904,home,381,20250615
1.0,0,0,0,0,2,0,3,3,13,65949,home,381,20250615
4.333,6,5,4,3,2,0,21,17,90,51111,away,382,20250615
0.333,3,3,3,0,0,0,4,4,16,69108,away,382,20250615
0.333,3,1,1,0,1,0,4,4,15,75867,away,382,20250615
1.0,1,0,0,0,0,0,4,4,13,63950,away,382,20250615
1.0,1,0,0,1,0,0,4,3,12,55167,away,382,20250615
1.0,1,1,1,0,1,1,4,4,19,69159,away,382,20250615
3.667,6,4,4,3,5,0,20,17,79,52701,home,382,20250615
1.333,2,0,0,0,0,0,5,5,13,54729,home,382,20250615
0.667,2,0,0,0,1,0,4,4,11,54768,home,382,20250615
1.0,0,0,0,0,0,0,3,3,12,67703,home,382,20250615
1.0,1,0,0,0,1,0,4,4,12,61666,home,382,20250615
0.333,0,0,0,0,0,0,1,1,4,65769,home,382,20250615
1.0,1,1,1,1,1,1,5,4,20,63765,home,382,20250615
6.0,5,2,2,2,7,1,25,23,95,55903,away,383,20250617
0.667,0,0,0,1,2,0,3,2,16,63959,away,383,20250617
1.0,0,0,0,1,1,0,4,3,20,64995,away,383,20250617
0.333,0,0,0,0,0,0,1,1,4,68900,away,383,20250617
1.0,0,0,0,0,1,0,3,3,11,65949,away,383,20250617
1.0,1,1,1,1,2,0,5,4,22,54119,home,383,20250617
2.0,2,1,1,1,0,0,8,5,24,55167,home,383,20250617
1.0,2,1,1,2,1,0,7,5,21,63950,home,383,20250617
1.0,0,0,0,0,0,0,2,2,8,69159,home,383,20250617
1.0,0,0,0,0,0,0,3,3,8,75867,home,383,20250617
1.0,1,0,0,0,0,0,3,3,6,69113,home,383,20250617
0.333,1,1,1,1,1,0,3,2,11,53139,home,383,20250617
1.667,3,2,2,1,0,1,9,8,47,68159,home,383,20250617
8.0,3,0,0,0,9,0,26,26,90,54755,away,384,20250617
1.0,1,0,0,0,0,0,4,4,23,63765,away,384,20250617
6.333,6,3,3,3,9,1,27,23,99,55536,home,384,20250617
0.667,2,2,2,0,0,0,4,4,13,65522,home,384,20250617
1.0,3,1,1,0,1,0,6,5,13,69594,home,384,20250617
1.0,0,0,0,0,2,0,3,3,12,63543,home,384,20250617
2.667,13,8,8,2,3,2,22,20,96,55257,away,385,20250617
2.333,2,1,1,2,5,0,11,9,57,53262,away,385,20250617
1.0,3,1,1,0,0,0,5,5,9,52204,away,385,20250617
1.0,2,1,1,0,1,1,5,5,10,61643,away,385,20250617
1.0,2,1,1,1,1,0,6,5,21,68249,away,385,20250617
7.0,4,0,0,0,3,0,22,22,76,69446,home,385,20250617
1.0,1,1,1,0,1,1,4,4,13,65062,home,385,20250617
1.0,1,0,0,0,1,0,4,4,11,75421,home,385,20250617
5.0,7,6,6,2,7,0,24,22,91,54354,away,386,20250617
0.333,3,2,2,1,0,0,5,4,19,73117,away,386,20250617
1.667,0,0,0,0,1,0,5,5,16,50650,away,386,20250617
0.667,3,2,2,1,0,0,6,5,20,51058,away,386,20250617
0.333,0,0,0,0,0,0,1,1,2,67048,away,386,20250617
6.0,4,2,1,5,4,0,27,22,98,69745,home,386,20250617
1.0,1,0,0,1,1,0,5,4,24,54610,home,386,20250617
1.0,2,1,1,1,0,1,6,5,22,52639,home,386,20250617
1.0,1,0,0,0,1,0,4,4,12,55663,home,386,20250617
6.0,3,0,0,2,6,0,22,20,92,55855,away,387,20250617
0.333,1,1,1,1,0,0,3,2,15,68043,away,387,20250617
0.667,1,0,0,0,1,0,3,3,8,73211,away,387,20250617
1.0,0,0,0,1,0,0,3,2,13,50812,away,387,20250617
1.0,1,0,0,0,3,0,4,4,19,54803,away,387,20250617
5.0,6,3,3,4,1,0,24,20,91,54319,home,387,20250617
1.0,1,0,0,0,1,0,4,4,16,53301,home,387,20250617
1.0,2,1,1,1,0,0,6,5,29,67116,home,387,20250617
0.333,3,3,3,0,0,0,4,4,14,66018,home,387,20250617
0.667,3,4,4,3,1,0,8,5,40,55396,home,387,20250617
1.0,0,0,0,1,0,0,4,3,19,55377,home,387,20250617
1.667,3,3,3,4,0,0,12,6,47,52995,away,388,20250618
2.0,1,1,1,3,0,0,10,7,50,66920,away,388,20250618
0.333,3,3,3,0,1,0,4,4,18,52992,away,388,20250618
1.333,1,1,1,2,3,0,7,4,29,63959,away,388,20250618
1.667,1,0,0,1,2,0,7,5,20,69969,away,388,20250618
1.0,0,0,0,0,0,0,3,3,14,64995,away,388,20250618
0.667,1,1,1,1,0,0,4,3,18,65949,away,388,20250618
4.667,11,6,6,3,3,0,28,25,95,55146,home,388,20250618
0.667,2,1,1,0,0,0,4,4,17,63950,home,388,20250618
0.667,0,0,0,0,0,0,2,1,9,75867,home,388,20250618
1.0,0,0,0,2,1,0,5,3,18,69134,home,388,20250618
1.0,1,1,0,1,2,0,4,3,21,69108,home,388,20250618
1.0,0,0,0,0,1,0,3,3,11,50106,home,388,20250618
3.667,6,6,5,2,5,1,19,17,75,65056,away,389,20250618
4.0,3,0,0,0,3,0,15,15,57,51715,away,389,20250618
0.333,0,0,0,1,0,0,2,1,7,65769,away,389,20250618
4.0,4,1,1,1,4,0,17,16,61,50596,home,389,20250618
0.333,0,0,0,0,0,0,1,0,4,54537,home,389,20250618
1.667,0,0,0,0,1,0,5,5,15,65522,home,389,20250618
1.0,0,0,0,0,2,0,3,3,11,50556,home,389,20250618
0.667,3,2,2,0,0,0,5,4,18,68242,home,389,20250618
1.333,0,0,0,0,2,0,4,4,19,62528,home,389,20250618
6.0,3,2,2,4,3,1,23,19,75,55268,away,390,20250618
1.0,0,0,0,0,1,0,3,3,7,66291,away,390,20250618
0.667,2,1,1,1,1,0,5,4,17,52206,away,390,20250618
0.333,0,0,0,1,0,0,2,1,3,67266,away,390,20250618
1.333,2,3,3,1,0,1,7,6,20,54263,away,390,20250618
5.0,8,3,3,0,6,0,22,21,89,51454,home,390,20250618
1.0,1,0,0,0,2,0,4,4,14,50441,home,390,20250618
0.667,1,0,0,1,1,0,4,3,13,62360,home,390,20250618
1.0,0,0,0,1,1,0,4,3,12,55455,home,390,20250618
2.0,0,0,0,0,2,0,6,6,31,53455,home,390,20250618
0.333,0,0,0,0,1,0,1,1,10,65062,home,390,20250618
6.0,9,3,3,1,4,0,28,27,91,50030,away,391,20250618
0.667,1,1,1,0,1,0,3,3,12,69047,away,391,20250618
0.333,1,1,1,2,1,0,4,2,19,54063,away,391,20250618
1.0,0,0,0,0,2,0,3,3,11,69054,away,391,20250618
5.0,4,3,3,2,5,0,20,17,87,53613,home,391,20250618
2.0,0,0,0,0,0,0,6,6,19,66609,home,391,20250618
1.0,1,0,0,1,0,0,5,3,23,63342,home,391,20250618
1.0,0,0,0,0,1,0,3,3,13,50662,home,391,20250618
2.667,3,2,2,2,3,0,14,12,66,51867,away,392,20250618
2.333,2,1,1,1,5,0,10,9,46,52809,away,392,20250618
1.0,0,0,0,0,1,0,3,3,16,54802,away,392,20250618
1.0,1,0,0,0,1,0,3,3,9,65343,away,392,20250618
1.0,0,0,0,1,1,0,4,3,21,53892,away,392,20250618
6.0,9,1,1,0,1,0,25,25,94,64350,home,392,20250618
1.0,0,0,0,0,1,0,3,3,11,69360,home,392,20250618
1.0,3,1,1,0,0,0,5,5,17,52330,home,392,20250618
1.0,3,0,0,0,3,0,6,6,34,76118,home,392,20250618
7.0,3,0,0,2,7,0,26,24,91,68902,away,393,20250619
1.0,1,0,0,0,1,0,4,4,19,68900,away,393,20250619
1.0,1,0,0,0,0,0,4,4,8,65949,away,393,20250619
5.333,4,1,1,1,5,1,21,20,80,68419,home,393,20250619
0.667,0,0,0,1,1,0,3,2,13,69108,home,393,20250619
0.667,0,2,2,2,2,0,4,2,16,69159,home,393,20250619
0.0,1,0,0,1,0,0,2,1,10,55167,home,393,20250619
1.333,0,0,0,0,0,0,4,4,16,53139,home,393,20250619
1.0,1,0,0,0,0,0,4,3,9,69113,home,393,20250619
4.0,5,2,2,1,6,0,17,16,74,54729,away,394,20250619
0.333,2,0,0,0,0,0,3,3,4,54768,away,394,20250619
1.333,1,0,0,0,2,0,4,4,18,65707,away,394,20250619
1.0,3,2,2,1,1,0,7,5,23,67703,away,394,20250619
1.0,1,0,0,0,0,0,4,4,11,61666,away,394,20250619
0.333,0,0,0,0,0,0,1,1,3,53754,away,394,20250619
6.0,4,0,0,2,6,0,24,22,88,67539,home,394,20250619
0.333,0,0,0,0,1,0,1,1,8,54537,home,394,20250619
0.667,0,0,0,1,0,0,3,2,7,68242,home,394,20250619
1.0,2,3,1,1,1,0,6,5,22,50556,home,394,20250619
1.0,1,0,0,0,1,0,4,3,14,62528,home,394,20250619
5.0,6,7,7,4,6,2,25,21,101,55239,away,395,20250619
2.0,3,1,1,2,1,0,10,7,33,66291,away,395,20250619
1.0,0,0,0,0,0,0,3,3,7,67266,away,395,20250619
1.0,1,0,0,2,1,0,6,4,29,54263,away,395,20250619
2.0,5,4,4,1,0,0,12,10,46,68415,home,395,20250619
2.0,5,3,3,2,2,0,12,10,42,50441,home,395,20250619
3.0,0,0,0,2,2,0,11,8,50,54404,home,395,20250619
0.667,2,2,2,2,0,0,6,3,23,55455,home,395,20250619
1.333,1,0,0,1,0,0,6,5,12,75421,home,395,20250619
3.333,2,2,2,1,4,1,13,12,52,65516,away,396,20250619
1.667,3,0,0,1,2,0,8,7,27,50650,away,396,20250619
0.333,1,1,1,1,0,0,3,2,10,69047,away,396,20250619
1.667,2,2,2,0,2,1,7,7,19,69054,away,396,20250619
1.0,1,0,0,0,0,0,4,4,20,52060,away,396,20250619
6.0,6,0,0,3,10,0,26,23,102,55633,home,396,20250619
1.0,1,0,0,0,0,0,3,3,5,66609,home,396,20250619
2.0,0,0,0,0,2,0,6,6,19,54610,home,396,20250619
1.333,0,1,0,5,1,0,10,5,46,50812,away,397,20250619
2.667,3,1,1,0,4,0,11,9,56,68856,away,397,20250619
1.0,1,0,0,1,1,0,5,4,24,54802,away,397,20250619
1.0,1,0,0,0,0,0,3,3,10,65343,away,397,20250619
2.0,3,0,0,1,0,0,9,8,25,68043,away,397,20250619
1.0,0,0,0,0,3,0,3,3,16,51897,away,397,20250619
1.0,0,0,0,0,2,0,3,3,20,73211,away,397,20250619
1.0,0,0,0,0,0,0,3,3,16,53892,away,397,20250619
5.0,5,1,1,2,1,1,22,20,74,69328,home,397,20250619
1.0,3,0,0,0,0,0,5,5,14,66018,home,397,20250619
1.0,0,0,0,0,0,0,3,3,12,69360,home,397,20250619
1.0,2,0,0,0,1,0,4,4,16,76118,home,397,20250619
1.0,1,1,1,0,1,1,4,4,14,52330,home,397,20250619
1.0,0,0,0,1,0,0,4,3,15,53301,home,397,20250619
1.0,1,2,2,1,2,1,5,4,20,67116,home,397,20250619
3.667,3,2,2,2,1,0,16,14,62,54401,away,400,20250620
1.333,1,0,0,1,1,0,6,5,27,50464,away,400,20250620
1.0,1,0,0,0,0,0,4,4,19,75421,away,400,20250620
1.0,1,0,0,0,0,0,4,4,16,62360,away,400,20250620
1.0,1,1,1,0,2,1,4,4,17,65062,away,400,20250620
6.0,4,1,1,4,8,1,26,21,98,55532,home,400,20250620
1.0,0,0,0,1,0,0,3,2,17,54537,home,400,20250620
1.0,0,0,0,0,0,0,3,3,15,68242,home,400,20250620
1.0,0,0,0,1,1,0,4,3,17,62528,home,400,20250620
6.0,7,4,4,2,2,1,26,24,102,68220,away,403,20250621
0.667,1,0,0,0,1,0,3,3,16,52204,away,403,20250621
0.333,0,0,0,1,0,0,2,1,6,52206,away,403,20250621
1.0,0,0,0,1,2,0,4,3,19,66291,away,403,20250621
1.0,1,1,1,2,0,0,6,4,27,54263,away,403,20250621
4.0,5,4,4,2,4,0,18,16,72,54119,home,403,20250621
1.0,0,0,0,0,0,0,3,2,10,69134,home,403,20250621
0.333,3,2,2,0,0,0,4,4,14,67143,home,403,20250621
0.667,1,0,0,0,0,0,2,2,14,75867,home,403,20250621
1.0,0,0,0,0,1,0,3,3,11,69108,home,403,20250621
1.0,0,0,0,0,1,0,3,3,14,55167,home,403,20250621
1.0,0,0,0,0,0,0,3,3,3,53139,home,403,20250621
6.0,4,2,2,1,6,2,24,23,97,77637,away,404,20250621
1.0,1,0,0,0,0,0,4,4,11,66609,away,404,20250621
1.0,1,1,1,3,1,0,7,4,36,63342,away,404,20250621
0.333,4,2,2,0,0,0,5,5,23,50662,away,404,20250621
1.667,1,0,0,0,1,0,5,5,19,54610,away,404,20250621
0.0,0,0,0,0,0,0,1,1,3,60337,away,404,20250621
1.0,0,0,0,1,0,0,3,2,4,55663,away,404,20250621
4.667,6,4,4,5,4,1,25,20,95,77829,home,404,20250621
1.333,0,0,0,3,1,0,6,3,26,52809,home,404,20250621
0.333,1,0,0,0,1,0,2,2,6,65343,home,404,20250621
1.667,2,1,1,3,1,1,8,5,31,54802,home,404,20250621
1.0,0,0,0,0,1,0,3,3,13,54803,home,404,20250621
1.0,0,0,0,0,2,0,3,3,16,51897,home,404,20250621
1.0,0,0,0,0,2,0,3,3,12,53892,home,404,20250621
6.0,5,0,0,4,4,0,25,21,95,53973,away,406,20250621
1.0,0,0,0,0,0,0,3,3,16,68900,away,406,20250621
0.0,0,2,2,2,0,0,2,0,11,69969,away,406,20250621
0.333,2,4,4,2,1,0,5,3,20,64995,away,406,20250621
0.0,0,1,1,1,0,0,1,0,1,65949,away,406,20250621
0.0,1,0,0,1,0,0,2,1,7,63959,away,406,20250621
0.667,0,0,0,0,0,0,1,1,3,52992,away,406,20250621
5.0,4,3,3,3,5,0,21,18,94,50859,home,406,20250621
2.0,2,0,0,0,0,0,7,6,22,54063,home,406,20250621
1.0,3,2,2,1,0,0,7,6,11,50650,home,406,20250621
1.0,2,0,0,0,1,0,5,5,19,52060,home,406,20250621
2.333,8,9,9,5,0,0,20,15,86,51264,away,408,20250622
2.667,2,1,1,1,1,0,11,9,40,68249,away,408,20250622
1.0,0,0,0,0,1,0,3,3,12,61643,away,408,20250622
2.0,5,3,3,2,0,0,13,11,39,68830,away,408,20250622
6.0,6,1,1,3,4,1,27,24,100,51111,home,408,20250622
1.0,1,0,0,0,2,0,4,4,16,63950,home,408,20250622
0.0,0,3,3,3,0,0,3,0,13,69159,home,408,20250622
0.0,1,1,1,1,0,0,2,1,11,68159,home,408,20250622
1.0,0,0,0,0,0,0,3,3,11,69108,home,408,20250622
1.0,0,0,0,1,1,0,4,3,14,50106,home,408,20250622
6.333,3,3,3,2,5,1,22,20,95,54640,away,409,20250622
0.667,0,0,0,0,0,0,2,2,6,55663,away,409,20250622
1.0,1,0,0,0,1,0,4,4,18,66609,away,409,20250622
1.0,1,1,1,1,1,0,5,3,15,50662,away,409,20250622
6.0,6,1,1,4,9,0,28,24,108,54833,home,409,20250622
0.333,2,1,1,0,0,1,3,3,13,68043,home,409,20250622
0.667,1,0,0,0,0,0,2,2,6,50812,home,409,20250622
1.0,2,2,2,1,1,1,6,5,23,73211,home,409,20250622
1.0,0,1,1,2,1,0,5,2,24,51897,home,409,20250622
6.0,7,3,3,1,5,0,26,24,96,69446,away,410,20250622
0.333,4,6,6,2,1,0,7,5,29,62360,away,410,20250622
0.667,1,0,0,0,0,0,3,3,18,65062,away,410,20250622
1.0,1,0,0,0,3,0,4,4,17,55455,away,410,20250622
3.0,8,6,6,3,3,1,20,16,70,64021,home,410,20250622
3.0,1,0,0,0,6,0,10,10,44,50596,home,410,20250622
1.0,0,0,0,0,1,0,3,3,16,67588,home,410,20250622
1.0,0,0,0,0,1,0,3,3,13,68242,home,410,20250622
1.0,0,0,0,0,2,0,3,3,10,50556,home,410,20250622
7.0,3,0,0,4,6,0,28,24,108,55912,away,411,20250622
1.0,1,0,0,1,0,0,5,4,23,64995,away,411,20250622
1.0,0,0,0,0,1,0,3,3,17,65949,away,411,20250622
7.333,3,2,2,4,2,0,28,24,111,69032,home,411,20250622
0.667,1,0,0,0,1,0,2,2,8,52060,home,411,20250622
1.0,0,0,0,0,0,0,4,4,12,73117,home,411,20250622
4.0,13,7,7,0,2,1,24,21,74,69045,away,412,20250622
1.0,3,2,2,0,0,0,6,6,18,55377,away,412,20250622
1.0,2,1,1,1,1,0,6,5,25,50036,away,412,20250622
1.0,0,0,0,1,1,0,4,3,19,67116,away,412,20250622
1.0,0,0,0,0,0,0,3,3,13,52395,away,412,20250622
5.667,2,2,0,1,12,0,21,20,96,55730,home,412,20250622
0.0,0,0,0,0,0,0,1,1,6,54768,home,412,20250622
0.333,1,0,0,0,1,0,2,2,16,67703,home,412,20250622
0.667,3,2,2,0,1,0,5,5,28,65707,home,412,20250622
0.333,1,0,0,0,1,0,2,2,10,65769,home,412,20250622
1.0,0,0,0,0,1,0,2,2,8,61666,home,412,20250622
0.667,0,0,0,0,0,0,2,2,10,63765,home,412,20250622
0.333,1,0,0,1,1,0,3,2,12,53754,home,412,20250622
