team,player_id,player_name,AVG,G,PA,AB,R,H,2B,3B,HR,TB,RBI,SB,CS,SAC,SF,BB,IBB,HBP,SO,GDP,SLG,OBP,E,SB%,MH,OPS,RISP,PH-BA,SBA,power,contact,batting_eye,speed,style
LG,62558,김준태,1.0,2,2,1,1,1,0,0,0,1,0,0,0,0,0,1,0,0,0,0,1.0,1.0,0,0.0,0,2.0,0.0,1.0,0,0.5,0.511,0.539,0.5,4
LG,54166,김현종,0.4,10,6,5,3,2,1,0,0,3,0,0,0,0,0,1,0,0,1,1,0.6,0.5,0,0.0,0,1.1,0.0,0.5,0,0.5,0.533,0.56,0.5,4
LG,65207,신민재,0.313,135,538,463,87,145,15,7,1,177,61,15,9,6,4,62,0,3,57,7,0.382,0.395,12,62.5,37,0.777,0.407,0.5,24,0.51,0.96,0.979,0.69,1
LG,53123,오스틴,0.313,116,499,425,82,133,25,1,31,253,95,3,0,0,11,61,7,2,62,11,0.595,0.393,8,100.0,38,0.988,0.292,0.0,3,0.81,0.889,0.911,0.524,0
LG,68119,문성주,0.305,135,542,475,57,145,20,2,3,178,70,4,3,0,9,54,0,4,59,10,0.375,0.375,1,57.1,43,0.75,0.321,0.167,7,0.53,0.953,0.942,0.556,2
LG,76290,김현수,0.298,140,552,483,66,144,24,0,12,204,90,4,0,0,1,64,1,4,73,10,0.422,0.384,4,100.0,36,0.806,0.362,0.4,4,0.62,0.965,0.972,0.532,0
LG,66108,홍창기,0.287,51,215,174,32,50,4,0,1,57,16,3,0,2,4,29,0,6,40,4,0.328,0.399,0,100.0,11,0.727,0.146,0.667,3,0.51,0.656,0.685,0.524,4
LG,69100,구본혁,0.286,131,397,343,41,98,16,2,1,121,38,10,5,12,0,36,1,6,44,4,0.353,0.364,6,66.7,26,0.717,0.299,0.333,15,0.51,0.921,0.909,0.619,2
LG,52103,최원영,0.282,119,115,103,37,29,5,0,0,34,2,8,4,3,1,4,0,4,20,4,0.33,0.33,1,66.7,2,0.66,0.174,0.667,12,0.5,0.849,0.765,0.595,2
LG,62415,박해민,0.276,144,544,442,80,122,18,2,3,153,43,49,14,22,4,68,0,8,94,7,0.346,0.379,1,77.8,29,0.725,0.231,0.0,63,0.53,0.961,0.967,1.0,1
LG,69102,문보경,0.276,141,607,515,91,142,21,1,24,237,108,3,1,0,9,79,3,4,108,15,0.46,0.371,16,75.0,38,0.831,0.274,0.333,4,0.74,0.952,0.952,0.532,2
LG,55164,박관우,0.264,39,58,53,12,14,2,0,2,22,13,0,0,0,1,3,0,1,11,1,0.415,0.31,1,0.0,0,0.725,0.294,0.368,0,0.52,0.609,0.595,0.5,4
LG,79109,오지환,0.253,127,472,419,57,106,24,1,16,180,62,9,7,7,6,37,0,3,115,4,0.43,0.314,9,56.3,27,0.744,0.283,0.333,16,0.66,0.872,0.774,0.627,2
LG,79365,박동원,0.253,139,523,451,57,114,25,0,22,205,76,4,0,3,5,62,4,2,124,10,0.455,0.342,8,100.0,27,0.797,0.235,0.143,4,0.72,0.916,0.873,0.532,2
LG,50054,천성호,0.237,83,199,173,24,41,9,2,1,57,17,3,1,4,0,17,0,5,29,2,0.329,0.323,4,75.0,8,0.652,0.25,0.154,4,0.51,0.739,0.725,0.532,3
LG,52154,이주헌,0.219,76,156,128,22,28,3,0,4,43,9,0,0,2,0,18,0,8,30,2,0.336,0.351,4,0.0,5,0.687,0.111,0.25,0,0.54,0.712,0.728,0.5,3
LG,68110,송찬의,0.211,66,166,147,18,31,9,1,3,51,20,2,2,1,1,9,0,8,49,4,0.347,0.291,1,50.0,7,0.638,0.237,0.273,4,0.53,0.668,0.615,0.532,4
LG,51100,이영빈,0.208,44,75,72,12,15,1,1,3,27,9,1,0,1,1,1,0,0,35,1,0.375,0.216,0,100.0,1,0.591,0.238,0.0,1,0.53,0.596,0.515,0.508,4
LG,52105,김성우,0.2,7,5,5,0,1,0,0,0,1,1,0,0,0,0,0,0,0,1,0,0.2,0.2,0,0.0,0,0.4,0.333,0.0,0,0.5,0.517,0.522,0.5,4
LG,66162,김주성,0.2,16,17,15,3,3,0,0,1,6,1,0,2,0,0,1,0,1,2,0,0.4,0.294,1,0.0,0,0.694,0.0,0.25,2,0.51,0.543,0.552,0.516,4
LG,54156,손용준,0.2,9,16,15,3,3,0,0,0,3,1,1,0,0,0,0,0,1,5,2,0.2,0.25,1,100.0,0,0.45,0.25,0.0,1,0.5,0.52,0.523,0.508,4
LG,50108,함창건,0.188,15,36,32,2,6,2,0,0,8,2,0,0,0,1,3,0,0,9,1,0.25,0.25,0,0.0,1,0.5,0.1,0.2,0,0.5,0.536,0.54,0.5,4
LG,67504,김민수,0.182,13,13,11,0,2,0,0,0,2,1,1,0,0,1,1,0,0,6,0,0.182,0.231,0,100.0,0,0.413,0.0,0.0,1,0.5,0.527,0.524,0.508,4
LG,52121,문정빈,0.167,21,33,30,5,5,0,0,2,11,4,0,0,0,0,1,0,2,11,0,0.367,0.242,0,0.0,1,0.609,0.1,0.333,0,0.52,0.547,0.533,0.5,4
LG,55167,김영우,0.0,4,0,0,0,0,0,0,0,0,0,0,0,0,0,0,0,0,0,0,0.0,0.0,0,0.0,0,0.0,0.0,0.0,0,0.5,,,0.5,3
LG,75867,김진성,0.0,5,0,0,0,0,0,0,0,0,0,0,0,0,0,0,0,0,0,0,0.0,0.0,0,0.0,0,0.0,0.0,0.0,0,0.5,,,0.5,3
LG,51154,김진수,0.0,1,0,0,0,0,0,0,0,0,0,0,0,0,0,0,0,0,0,0,0.0,0.0,0,0.0,0,0.0,0.0,0.0,0,0.5,,,0.5,3
LG,53139,박명근,0.0,5,0,0,0,0,0,0,0,0,0,0,0,0,0,0,0,0,0,0,0.0,0.0,0,0.0,0,0.0,0.0,0.0,0,0.5,,,0.5,3
LG,65109,백승현,0.0,3,0,0,0,0,0,0,0,0,0,0,0,0,0,0,0,0,0,0,0.0,0.0,0,0.0,0,0.0,0.0,0.0,0,0.5,,,0.5,3
LG,51526,우강훈,0.0,2,0,0,0,0,0,0,0,0,0,0,0,0,0,0,0,0,0,0,0.0,0.0,0,0.0,0,0.0,0.0,0.0,0,0.5,,,0.5,3
LG,50106,유영찬,0.0,11,2,1,0,0,0,0,0,0,0,0,0,0,0,1,0,0,0,0,0.0,0.5,0,0.0,0,0.5,0.0,0.0,0,0.5,0.527,0.599,0.5,4
LG,61145,이우찬,0.0,1,0,0,0,0,0,0,0,0,0,0,0,0,0,0,0,0,0,0,0.0,0.0,0,0.0,0,0.0,0.0,0.0,0,0.5,,,0.5,3
LG,69134,이정용,0.0,8,0,0,0,0,0,0,0,0,0,0,0,0,0,0,0,0,0,0,0.0,0.0,0,0.0,0,0.0,0.0,0.0,0,0.5,,,0.5,3
LG,69108,이지강,0.0,6,0,0,0,0,0,0,0,0,0,0,0,0,0,0,0,0,0,0,0.0,0.0,0,0.0,0,0.0,0.0,0.0,0,0.5,,,0.5,3
LG,63950,장현식,0.0,6,0,0,0,0,0,0,0,0,0,0,0,0,0,0,0,0,0,0,0.0,0.0,0,0.0,0,0.0,0.0,0.0,0,0.5,,,0.5,3
LG,65905,최승민,0.0,19,6,5,6,0,0,0,0,0,0,1,2,0,0,1,0,0,2,0,0.0,0.167,1,33.3,0,0.167,0.0,0.0,3,0.5,0.532,0.541,0.524,4
LG,63248,함덕주,0.0,3,0,0,0,0,0,0,0,0,0,0,0,0,0,0,0,0,0,0,0.0,0.0,0,0.0,0,0.0,0.0,0.0,0,0.5,,,0.5,3
HH,55712,이승현,1.0,4,1,1,1,1,0,1,0,3,1,0,0,0,0,0,0,0,0,0,3.0,1.0,0,0.0,0,4.0,1.0,1.0,0,0.5,0.523,0.547,0.5,4
HH,51762,장규현,1.0,2,2,1,1,1,0,0,0,1,0,0,0,0,0,1,0,0,0,0,1.0,1.0,0,0.0,0,2.0,0.0,0.0,0,0.5,0.511,0.539,0.5,4
HH,53764,문현빈,0.32,141,592,528,71,169,30,2,12,239,80,17,6,5,11,38,2,10,82,11,0.453,0.37,3,73.9,53,0.823,0.319,0.25,23,0.62,0.976,0.902,0.683,2
HH,55703,리베라토,0.313,62,273,246,41,77,18,2,10,129,39,1,0,0,4,23,0,0,47,3,0.524,0.366,3,100.0,22,0.89,0.339,0.0,1,0.6,0.695,0.686,0.508,2
HH,62700,하주석,0.297,95,305,276,34,82,14,0,4,108,28,2,1,11,1,12,0,5,66,10,0.391,0.337,2,66.7,24,0.728,0.329,0.091,3,0.54,0.787,0.708,0.524,2
HH,77532,손아섭,0.288,111,416,372,39,107,22,3,1,138,50,0,4,4,2,37,2,1,59,3,0.371,0.352,0,0.0,24,0.723,0.31,0.222,4,0.51,0.853,0.825,0.532,2
HH,79192,채은성,0.288,132,527,480,54,138,27,1,19,224,88,1,2,3,0,31,5,13,96,4,0.467,0.347,6,33.3,39,0.814,0.333,0.0,3,0.69,0.919,0.828,0.524,2
HH,78288,최재훈,0.286,121,348,269,28,77,15,0,1,95,35,1,1,10,6,46,0,17,48,4,0.353,0.414,5,50.0,16,0.767,0.355,0.0,2,0.51,0.89,0.949,0.516,3
HH,66657,이진영,0.274,115,366,321,49,88,13,0,11,134,43,1,4,0,5,38,0,2,93,8,0.417,0.35,2,20.0,19,0.767,0.239,0.25,5,0.61,0.84,0.798,0.54,2
HH,54795,황영묵,0.273,117,286,260,40,71,17,1,1,93,22,1,3,2,1,20,0,2,37,4,0.358,0.329,6,25.0,18,0.687,0.3,0.455,4,0.51,0.857,0.81,0.532,2
HH,55734,플로리얼,0.271,65,285,258,36,70,18,2,8,116,29,13,3,0,2,24,2,1,65,2,0.45,0.333,5,81.3,21,0.783,0.222,0.0,16,0.58,0.69,0.664,0.627,2
HH,66704,김태연,0.261,120,340,303,40,79,15,0,3,103,20,5,3,6,0,23,0,8,62,10,0.34,0.329,5,62.5,19,0.669,0.197,0.067,8,0.53,0.856,0.791,0.563,2
HH,65703,이도윤,0.26,113,277,250,37,65,11,3,1,85,36,1,0,10,3,11,1,3,52,5,0.34,0.296,4,100.0,13,0.636,0.25,0.4,1,0.51,0.827,0.722,0.508,2
HH,69737,노시환,0.26,144,624,539,97,140,28,2,32,268,101,14,5,0,4,70,10,11,125,22,0.497,0.354,17,73.7,37,0.851,0.29,0.0,19,0.82,0.948,0.912,0.651,2
HH,50707,최인호,0.259,78,159,139,7,36,9,0,2,51,19,1,0,1,1,13,0,5,29,5,0.367,0.342,0,100.0,6,0.709,0.3,0.308,1,0.52,0.725,0.711,0.508,2
HH,64006,심우준,0.231,94,275,247,39,57,9,1,2,74,22,11,1,7,1,17,0,3,49,4,0.3,0.287,7,91.7,9,0.587,0.25,0.0,12,0.52,0.764,0.7,0.595,3
HH,68700,이원석,0.203,129,248,212,60,43,7,0,4,62,24,22,3,7,2,23,0,4,51,4,0.292,0.29,1,88.0,11,0.582,0.149,0.5,25,0.54,0.847,0.787,0.698,1
HH,52704,이상혁,0.2,39,12,10,14,2,1,0,0,3,2,3,4,1,0,0,0,1,3,0,0.3,0.273,0,42.9,0,0.573,0.25,0.0,7,0.5,0.597,0.56,0.556,4
HH,76812,이재원,0.2,98,151,125,4,25,2,1,1,32,12,1,1,8,3,14,0,1,23,3,0.256,0.28,6,50.0,3,0.536,0.162,0.0,2,0.51,0.763,0.735,0.516,3
HH,79608,안치홍,0.172,66,196,174,9,30,4,0,2,40,18,3,0,4,1,16,2,1,39,4,0.23,0.245,1,100.0,5,0.475,0.238,0.2,3,0.52,0.666,0.629,0.524,4
HH,52764,허인서,0.172,20,30,29,2,5,1,0,0,6,2,0,0,0,0,0,0,1,12,1,0.207,0.2,1,0.0,0,0.407,0.182,0.333,0,0.5,0.542,0.517,0.5,4
HH,52769,권광민,0.167,15,18,18,2,3,1,0,0,4,0,0,0,0,0,0,0,0,5,1,0.222,0.167,0,0.0,0,0.389,0.0,0.25,0,0.5,0.532,0.52,0.5,4
HH,50704,임종찬,0.167,17,35,30,2,5,1,0,1,9,2,2,0,0,0,5,0,0,13,0,0.3,0.286,1,100.0,1,0.586,0.2,0.0,2,0.51,0.538,0.548,0.516,4
HH,69766,유로결,0.154,20,16,13,1,2,0,0,0,2,0,1,0,2,0,0,0,1,4,0,0.154,0.214,0,100.0,0,0.368,0.0,0.0,1,0.5,0.545,0.53,0.508,4
HH,66715,김인환,0.08,10,26,25,2,2,0,0,1,5,3,0,0,0,0,1,0,0,9,1,0.2,0.115,2,0.0,0,0.315,0.167,0.0,0,0.51,0.518,0.515,0.5,4
HH,53754,김서현,0.0,3,0,0,0,0,0,0,0,0,0,0,0,0,0,0,0,0,0,0,0.0,0.0,0,0.0,0,0.0,0.0,0.0,0,0.5,,,0.5,3
HH,50711,김승일,0.0,1,0,0,0,0,0,0,0,0,0,0,0,0,0,0,0,0,0,0,0.0,0.0,0,0.0,0,0.0,0.0,0.0,0,0.5,,,0.5,3
HH,63765,김종수,0.0,1,0,0,0,0,0,0,0,0,0,0,0,0,0,0,0,0,0,0,0.0,0.0,0,0.0,0,0.0,0.0,0.0,0,0.5,,,0.5,3
HH,67703,박상원,0.0,1,0,0,0,0,0,0,0,0,0,0,0,0,0,0,0,0,0,0,0.0,0.0,0,0.0,0,0.0,0.0,0.0,0,0.5,,,0.5,3
HH,50709,박정현,0.0,2,2,2,0,0,0,0,0,0,0,0,0,0,0,0,0,0,1,0,0.0,0.0,0,0.0,0,0.0,0.0,0.0,0,0.5,0.502,0.513,0.5,4
HH,69213,윤산흠,0.0,1,0,0,0,0,0,0,0,0,0,0,0,0,0,0,0,0,0,0,0.0,0.0,0,0.0,0,0.0,0.0,0.0,0,0.5,,,0.5,3
HH,55710,이민재,0.0,3,4,4,0,0,0,0,0,0,0,0,0,0,0,0,0,0,1,1,0.0,0.0,0,0.0,0,0.0,0.0,0.0,0,0.5,0.504,0.514,0.5,4
HH,55743,정우주,0.0,3,0,0,0,0,0,0,0,0,0,0,0,0,0,0,0,0,0,0,0.0,0.0,0,0.0,0,0.0,0.0,0.0,0,0.5,,,0.5,3
HH,54768,조동욱,0.0,2,0,0,0,0,0,0,0,0,0,0,0,0,0,0,0,0,0,0,0.0,0.0,0,0.0,0,0.0,0.0,0.0,0,0.5,,,0.5,3
HH,61666,한승혁,0.0,1,0,0,0,0,0,0,0,0,0,0,0,0,0,0,0,0,0,0,0.0,0.0,0,0.0,0,0.0,0.0,0.0,0,0.5,,,0.5,3
LT,55509,박건우,0.667,6,3,3,1,2,0,0,0,2,1,0,0,0,0,0,0,0,1,0,0.667,0.667,0,0.0,0,1.334,1.0,0.0,0,0.5,0.525,0.539,0.5,4
LT,55530,박찬형,0.341,48,148,129,21,44,8,2,3,65,19,1,1,0,1,11,1,7,26,1,0.504,0.419,6,50.0,10,0.923,0.364,0.625,2,0.53,0.655,0.663,0.516,4
LT,54529,레이예스,0.326,144,643,573,75,187,44,1,13,272,107,7,1,0,9,58,17,3,66,25,0.475,0.386,2,87.5,60,0.861,0.375,0.0,8,0.63,1.0,0.975,0.563,2
LT,78513,전준우,0.293,114,472,410,50,120,26,1,8,172,70,2,1,3,6,44,2,9,71,9,0.42,0.369,0,66.7,29,0.789,0.359,0.25,3,0.58,0.868,0.847,0.524,2
LT,68205,전민재,0.287,101,369,331,39,95,15,0,5,125,34,3,3,10,2,22,0,4,63,7,0.378,0.337,16,50.0,27,0.715,0.253,0.0,6,0.55,0.812,0.752,0.548,2
LT,55563,박재엽,0.286,9,16,14,2,4,1,0,1,8,3,0,0,0,0,2,0,0,5,0,0.571,0.375,1,0.0,1,0.946,0.2,0.0,0,0.51,0.525,0.54,0.5,4
LT,52591,윤동희,0.282,97,399,330,54,93,21,1,9,143,53,4,2,3,6,49,2,11,65,12,0.433,0.386,3,66.7,26,0.819,0.292,0.5,6,0.59,0.806,0.827,0.548,3
LT,61102,유강남,0.274,110,350,303,35,83,18,0,5,116,38,0,0,3,5,26,0,13,66,11,0.383,0.352,2,0.0,18,0.735,0.204,0.417,0,0.55,0.834,0.79,0.5,2
LT,52568,한태양,0.274,108,267,230,42,63,14,2,2,87,22,3,2,3,0,32,0,2,69,3,0.378,0.367,7,60.0,11,0.745,0.274,0.167,5,0.52,0.817,0.806,0.54,2
LT,69517,고승민,0.271,121,538,469,71,127,21,2,4,164,45,5,1,6,4,56,1,3,83,8,0.35,0.35,6,83.3,36,0.7,0.241,0.0,6,0.54,0.883,0.859,0.548,2
LT,62931,노진혁,0.27,28,69,63,11,17,1,2,1,25,5,0,0,0,0,5,0,1,20,0,0.397,0.333,2,0.0,2,0.73,0.188,0.267,0,0.51,0.577,0.571,0.5,4
LT,68507,장두성,0.262,118,284,248,51,65,3,3,0,74,25,17,5,7,2,24,0,3,64,3,0.298,0.332,3,77.3,19,0.63,0.269,0.0,22,0.5,0.843,0.785,0.675,2
LT,50500,황성빈,0.256,79,273,246,43,63,4,4,1,78,22,25,4,3,2,18,0,4,46,3,0.317,0.315,3,86.2,19,0.632,0.213,0.0,29,0.51,0.732,0.692,0.73,2
LT,50150,손호영,0.25,97,375,328,39,82,12,0,4,106,41,7,0,11,4,22,0,10,66,9,0.323,0.313,17,100.0,24,0.636,0.321,0.0,7,0.54,0.786,0.723,0.556,2
LT,77564,김민성,0.243,96,254,214,25,52,13,0,3,74,35,0,1,2,1,33,1,4,48,7,0.346,0.353,6,0.0,12,0.699,0.233,0.235,1,0.53,0.778,0.796,0.508,3
LT,54598,이호준,0.242,99,153,132,20,32,7,4,3,56,23,1,0,3,1,14,0,3,33,3,0.424,0.327,10,100.0,6,0.751,0.313,0.0,1,0.53,0.776,0.747,0.508,3
LT,51551,나승엽,0.229,105,392,328,40,75,12,2,9,118,44,0,0,3,1,55,2,5,65,10,0.36,0.347,8,0.0,13,0.707,0.275,0.571,0,0.59,0.81,0.835,0.5,3
LT,52504,김동혁,0.225,93,114,89,19,20,4,1,0,26,6,13,4,4,0,18,0,3,26,3,0.292,0.373,0,76.5,4,0.665,0.235,0.0,17,0.5,0.756,0.807,0.635,1
LT,60523,정훈,0.216,77,200,185,14,40,11,0,2,57,11,0,0,2,0,10,1,3,40,4,0.308,0.268,2,0.0,7,0.576,0.14,0.083,0,0.52,0.706,0.643,0.5,4
LT,62802,박승욱,0.19,54,92,84,10,16,3,0,0,19,5,1,1,2,0,5,0,1,30,0,0.226,0.244,2,50.0,2,0.47,0.2,0.0,2,0.5,0.628,0.572,0.516,4
LT,68518,정보근,0.186,93,152,129,4,24,4,1,1,33,15,0,0,4,0,18,1,1,39,4,0.256,0.291,2,0.0,3,0.547,0.293,0.0,0,0.51,0.735,0.713,0.5,3
LT,69508,신윤후,0.167,12,13,12,1,2,0,0,0,2,0,1,0,1,0,0,0,0,3,0,0.167,0.167,0,100.0,0,0.334,0.0,0.0,1,0.5,0.527,0.521,0.508,4
LT,62884,최항,0.167,8,7,6,1,1,0,0,0,1,1,0,0,0,0,1,0,0,4,0,0.167,0.286,1,0.0,0,0.453,0.25,0.0,0,0.5,0.516,0.525,0.5,4
LT,51528,손성빈,0.145,51,69,62,6,9,0,0,1,12,3,0,0,2,0,4,0,1,20,1,0.194,0.209,1,0.0,0,0.403,0.125,0.0,0,0.51,0.613,0.563,0.5,4
LT,52516,조세진,0.143,12,9,7,1,1,0,0,0,1,0,0,0,0,0,2,0,0,4,0,0.143,0.333,0,0.0,0,0.476,0.0,0.0,0,0.5,0.525,0.547,0.5,4
LT,55506,한승현,0.059,19,19,17,1,1,0,0,0,1,1,1,1,0,1,1,0,0,6,0,0.059,0.105,0,50.0,0,0.164,0.0,0.0,2,0.5,0.534,0.517,0.516,4
LT,54567,강성우,0.0,1,0,0,0,0,0,0,0,0,0,0,1,0,0,0,0,0,0,0,0.0,0.0,0,0.0,0,0.0,0.0,0.0,1,0.5,,,0.508,3
LT,54506,강승구,0.0,1,1,1,0,0,0,0,0,0,0,0,0,0,0,0,0,0,0,0,0.0,0.0,0,0.0,0,0.0,0.0,0.0,0,0.5,0.501,0.517,0.5,4
LT,63543,구승민,0.0,1,0,0,0,0,0,0,0,0,0,0,0,0,0,0,0,0,0,0,0.0,0.0,0,0.0,0,0.0,0.0,0.0,0,0.5,,,0.5,3
LT,65522,김강현,0.0,1,0,0,0,0,0,0,0,0,0,0,0,0,0,0,0,0,0,0,0.0,0.0,0,0.0,0,0.0,0.0,0.0,0,0.5,,,0.5,3
LT,76430,김상수,0.0,1,0,0,0,0,0,0,0,0,0,0,0,0,0,0,0,0,0,0,0.0,0.0,0,0.0,0,0.0,0.0,0.0,0,0.5,,,0.5,3
LT,62528,김원중,0.0,8,0,0,0,0,0,0,0,0,0,0,0,0,0,0,0,0,0,0,0.0,0.0,0,0.0,0,0.0,0.0,0.0,0,0.5,,,0.5,3
LT,54503,박준우,0.0,1,0,0,0,0,0,0,0,0,0,0,0,0,0,0,0,0,0,0,0.0,0.0,0,0.0,0,0.0,0.0,0.0,0,0.5,,,0.5,3
LT,69594,박진,0.0,1,0,0,0,0,0,0,0,0,0,0,0,0,0,0,0,0,0,0,0.0,0.0,0,0.0,0,0.0,0.0,0.0,0,0.5,,,0.5,3
LT,67588,윤성빈,0.0,1,0,0,0,0,0,0,0,0,0,0,0,0,0,0,0,0,0,0,0.0,0.0,0,0.0,0,0.0,0.0,0.0,0,0.5,,,0.5,3
LT,50608,이인한,0.0,4,0,0,0,0,0,0,0,0,0,0,0,0,0,0,0,0,0,0,0.0,0.0,0,0.0,0,0.0,0.0,0.0,0,0.5,,,0.5,3
LT,55511,이태경,0.0,2,1,1,0,0,0,0,0,0,0,0,0,0,0,0,0,0,1,0,0.0,0.0,0,0.0,0,0.0,0.0,0.0,0,0.5,0.501,0.509,0.5,4
LT,68242,정철원,0.0,2,0,0,0,0,0,0,0,0,0,0,0,0,0,0,0,0,0,0,0.0,0.0,0,0.0,0,0.0,0.0,0.0,0,0.5,,,0.5,3
LT,54537,정현수,0.0,3,0,0,0,0,0,0,0,0,0,0,0,0,0,0,0,0,0,0,0.0,0.0,0,0.0,0,0.0,0.0,0.0,0,0.5,,,0.5,3
SS,69207,김태근,0.333,11,14,12,2,4,0,0,0,4,0,0,0,0,0,2,0,0,4,0,0.333,0.429,0,0.0,0,0.762,0.0,0.5,0,0.5,0.533,0.552,0.5,4
SS,67449,김성윤,0.331,127,538,456,92,151,29,9,6,216,61,26,7,10,2,65,0,5,54,11,0.474,0.419,2,78.8,45,0.893,0.402,0.4,33,0.56,0.943,0.983,0.762,1
SS,62404,구자욱,0.319,142,616,529,106,169,43,2,19,273,96,4,1,1,8,73,7,5,91,9,0.516,0.402,3,80.0,46,0.918,0.351,0.333,5,0.69,0.985,0.992,0.54,0
SS,54400,디아즈,0.314,144,628,551,93,173,32,0,50,355,158,1,0,0,11,60,10,6,100,15,0.644,0.381,4,100.0,50,1.025,0.352,1.0,1,1.0,0.984,0.945,0.508,0
SS,69418,박승규,0.287,64,200,174,39,50,5,0,6,73,14,5,4,1,0,21,0,4,43,2,0.42,0.377,1,55.6,12,0.797,0.2,0.143,9,0.56,0.692,0.696,0.571,3
SS,69442,김도환,0.286,6,14,14,3,4,1,0,0,5,1,0,0,0,0,0,0,0,4,0,0.357,0.286,0,0.0,1,0.643,1.0,0.0,0,0.5,0.516,0.523,0.5,4
SS,50458,김지찬,0.281,90,373,317,59,89,9,2,0,102,23,22,3,10,3,38,0,5,44,7,0.322,0.364,1,88.0,24,0.686,0.286,0.0,25,0.5,0.786,0.791,0.698,1
SS,62234,류지혁,0.28,129,464,400,54,112,14,0,1,129,37,11,6,14,4,33,0,13,73,11,0.323,0.351,5,64.7,29,0.674,0.247,0.2,17,0.51,0.906,0.849,0.635,2
SS,65586,전병우,0.273,59,97,77,11,21,2,0,1,26,13,1,0,0,0,19,0,1,27,3,0.338,0.423,1,100.0,2,0.761,0.381,0.412,1,0.51,0.67,0.729,0.508,3
SS,74540,강민호,0.269,127,465,412,37,111,23,1,12,172,71,2,2,1,7,38,4,7,69,16,0.417,0.336,2,50.0,26,0.753,0.333,0.3,4,0.62,0.894,0.844,0.532,2
SS,54408,양도근,0.259,116,198,166,23,43,5,0,0,48,16,5,1,11,1,18,0,2,41,3,0.289,0.337,5,83.3,12,0.626,0.22,0.286,6,0.5,0.834,0.799,0.548,2
SS,52415,이재현,0.254,139,555,457,82,116,29,1,16,195,67,6,1,10,8,69,1,11,119,8,0.427,0.36,23,85.7,29,0.787,0.256,0.333,7,0.66,0.926,0.91,0.556,2
SS,52430,김영웅,0.249,125,499,446,66,111,22,2,22,203,72,6,2,0,3,48,3,2,143,6,0.455,0.323,11,75.0,25,0.778,0.268,0.0,8,0.72,0.861,0.775,0.563,2
SS,65040,김태훈,0.237,51,98,93,4,22,1,0,2,29,8,1,0,2,0,3,0,0,24,0,0.312,0.26,2,100.0,2,0.572,0.15,0.24,1,0.52,0.634,0.581,0.508,4
SS,66406,안주형,0.235,8,18,17,3,4,0,0,1,7,2,0,1,0,0,1,0,0,5,1,0.412,0.278,2,0.0,0,0.69,0.0,0.0,1,0.51,0.52,0.528,0.508,4
SS,61404,김헌곤,0.225,77,191,173,21,39,6,0,2,51,11,2,1,2,1,11,0,4,29,4,0.295,0.286,0,66.7,6,0.581,0.114,0.333,3,0.52,0.714,0.671,0.524,3
SS,55440,함수호,0.214,6,14,14,1,3,0,0,0,3,1,0,0,0,0,0,0,0,6,0,0.214,0.214,0,0.0,1,0.428,0.25,0.0,0,0.5,0.513,0.517,0.5,4
SS,69428,이병헌,0.2,55,59,55,5,11,3,0,1,17,7,0,0,0,0,3,0,1,13,1,0.309,0.254,2,0.0,3,0.563,0.273,0.0,0,0.51,0.638,0.597,0.5,4
SS,51407,이창용,0.2,11,17,15,2,3,1,0,1,7,2,1,0,0,0,2,0,0,8,0,0.467,0.294,1,100.0,0,0.761,0.167,0.0,1,0.51,0.524,0.531,0.508,4
SS,69416,이해승,0.2,8,5,5,2,1,0,0,0,1,1,0,0,0,0,0,0,0,2,0,0.2,0.2,2,0.0,0,0.4,0.5,0.0,0,0.5,0.517,0.517,0.5,4
SS,75125,박병호,0.199,77,232,196,26,39,5,0,15,89,33,0,0,0,2,27,0,7,70,5,0.454,0.315,2,0.0,9,0.769,0.208,0.063,0,0.65,0.698,0.679,0.5,0
SS,66409,이성규,0.198,68,154,126,17,25,5,1,6,50,21,2,2,1,2,15,0,10,52,3,0.397,0.327,2,50.0,3,0.724,0.256,0.154,4,0.56,0.67,0.647,0.532,3
SS,69403,양우현,0.188,14,16,16,3,3,1,0,0,4,4,0,0,0,0,0,0,0,2,0,0.25,0.188,1,0.0,0,0.438,0.286,0.0,0,0.5,0.535,0.53,0.5,4
SS,55438,심재훈,0.184,31,43,38,8,7,0,0,0,7,2,3,1,1,0,4,0,0,13,0,0.184,0.262,0,75.0,2,0.446,0.222,0.0,4,0.5,0.574,0.564,0.532,4
SS,68463,윤정빈,0.175,25,46,40,3,7,1,0,0,8,3,0,0,0,2,4,0,0,18,1,0.2,0.239,0,0.0,2,0.439,0.286,0.167,0,0.5,0.555,0.541,0.5,4
SS,65132,김재성,0.127,43,73,63,3,8,2,0,0,10,4,0,0,1,1,6,0,2,23,0,0.159,0.222,0,0.0,1,0.381,0.133,0.0,0,0.5,0.593,0.564,0.5,4
SS,67005,홍현빈,0.125,32,38,32,8,4,2,0,0,6,0,0,0,2,0,3,0,1,8,0,0.188,0.222,1,0.0,0,0.41,0.167,0.143,0,0.5,0.573,0.564,0.5,4
SS,54401,김대호,0.0,1,0,0,0,0,0,0,0,0,0,0,0,0,0,0,0,0,0,0,0.0,0.0,0,0.0,0,0.0,0.0,0.0,0,0.5,,,0.5,3
SS,65062,김재윤,0.0,2,0,0,0,0,0,0,0,0,0,0,0,0,0,0,0,0,0,0,0.0,0.0,0,0.0,0,0.0,0.0,0.0,0,0.5,,,0.5,3
SS,52424,김재혁,0.0,8,4,3,2,0,0,0,0,0,0,0,0,0,0,1,0,0,2,0,0.0,0.25,0,0.0,0,0.25,0.0,0.0,0,0.5,0.512,0.532,0.5,4
SS,62360,김태훈,0.0,1,0,0,0,0,0,0,0,0,0,0,0,0,0,0,0,0,0,0,0.0,0.0,0,0.0,0,0.0,0.0,0.0,0,0.5,,,0.5,3
SS,54460,김호진,0.0,1,0,0,0,0,0,0,0,0,0,0,0,0,0,0,0,0,0,0,0.0,0.0,0,0.0,0,0.0,0.0,0.0,0,0.5,,,0.5,3
SS,53411,박진우,0.0,1,1,1,0,0,0,0,0,0,0,0,0,0,0,0,0,0,0,0,0.0,0.0,0,0.0,0,0.0,0.0,0.0,0,0.5,0.501,0.517,0.5,4
SS,55455,배찬승,0.0,2,0,0,0,0,0,0,0,0,0,0,0,0,0,0,0,0,0,0,0.0,0.0,0,0.0,0,0.0,0.0,0.0,0,0.5,,,0.5,3
SS,68415,양창섭,0.0,1,0,0,0,0,0,0,0,0,0,0,0,0,0,0,0,0,0,0,0.0,0.0,0,0.0,0,0.0,0.0,0.0,0,0.5,,,0.5,3
SS,54404,육선엽,0.0,2,0,0,0,0,0,0,0,0,0,0,0,0,0,0,0,0,0,0,0.0,0.0,0,0.0,0,0.0,0.0,0.0,0,0.5,,,0.5,3
SS,60146,이승현,0.0,2,0,0,0,0,0,0,0,0,0,0,0,0,0,0,0,0,0,0,0.0,0.0,0,0.0,0,0.0,0.0,0.0,0,0.5,,,0.5,3
SS,51460,이재희,0.0,1,0,0,0,0,0,0,0,0,0,0,0,0,0,0,0,0,0,0,0.0,0.0,0,0.0,0,0.0,0.0,0.0,0,0.5,,,0.5,3
SS,53455,이호성,0.0,2,0,0,0,0,0,0,0,0,0,0,0,0,0,0,0,0,0,0,0.0,0.0,0,0.0,0,0.0,0.0,0.0,0,0.5,,,0.5,3
SS,55435,차승준,0.0,1,1,1,0,0,0,0,0,0,0,0,0,0,0,0,0,0,0,0,0.0,0.0,0,0.0,0,0.0,0.0,0.0,0,0.5,0.501,0.517,0.5,4
SK,52803,김태윤,0.5,8,4,2,0,1,0,0,0,1,0,1,1,0,0,2,0,0,0,0,0.5,0.75,0,50.0,0,1.25,0.0,1.0,2,0.5,0.534,0.592,0.516,4
SK,54815,정현승,0.5,3,2,2,0,1,1,0,0,2,0,0,0,0,0,0,0,0,0,0,1.0,0.5,0,0.0,0,1.5,0.0,0.0,0,0.5,0.511,0.528,0.5,4
SK,53827,에레디아,0.339,96,415,375,46,127,18,0,13,184,54,1,2,0,2,31,4,7,62,9,0.491,0.398,2,33.3,36,0.889,0.366,0.0,3,0.63,0.823,0.803,0.524,2
SK,50840,현원회,0.305,21,62,59,6,18,1,0,1,22,6,0,0,0,0,3,0,0,16,3,0.373,0.339,0,0.0,4,0.712,0.235,0.5,0,0.51,0.56,0.557,0.5,4
SK,50868,류효승,0.287,27,103,94,18,27,5,0,6,50,16,0,1,0,0,7,0,2,28,1,0.532,0.35,0,0.0,7,0.882,0.273,0.5,1,0.56,0.577,0.574,0.508,4
SK,50854,최지훈,0.284,140,574,517,66,147,16,4,7,192,45,28,7,4,5,43,2,5,87,2,0.371,0.342,5,80.0,37,0.713,0.28,0.286,35,0.57,0.951,0.875,0.778,2
SK,51868,고명준,0.278,130,500,471,46,131,20,1,17,204,64,2,0,0,7,20,1,2,99,12,0.433,0.306,3,100.0,43,0.739,0.235,0.0,2,0.67,0.897,0.757,0.516,2
SK,67893,박성한,0.274,127,538,452,73,124,23,2,7,172,48,5,6,2,2,79,1,3,93,6,0.381,0.384,20,45.5,31,0.765,0.275,0.5,11,0.57,0.906,0.94,0.587,3
SK,62895,한유섬,0.273,128,511,455,50,124,24,0,15,193,71,1,0,1,2,46,3,7,120,6,0.424,0.347,2,100.0,36,0.771,0.291,0.333,1,0.65,0.891,0.823,0.508,2
SK,52804,석정우,0.265,27,54,49,3,13,1,0,2,20,4,0,0,0,0,4,0,1,18,1,0.408,0.333,4,0.0,0,0.741,0.3,0.0,0,0.52,0.571,0.565,0.5,4
SK,66864,안상현,0.264,102,289,258,38,68,8,2,6,98,15,17,6,9,2,18,0,2,85,2,0.38,0.314,9,73.9,19,0.694,0.2,0.0,23,0.56,0.786,0.692,0.683,2
SK,54812,정준재,0.245,132,442,371,58,91,10,3,0,107,25,37,8,16,1,51,0,3,93,4,0.288,0.34,9,82.2,21,0.628,0.276,0.267,45,0.5,0.892,0.863,0.857,1
SK,75847,최정,0.244,95,406,340,54,83,12,0,23,164,63,1,0,0,3,51,6,12,94,10,0.482,0.36,4,100.0,22,0.842,0.247,0.0,1,0.73,0.779,0.78,0.508,0
SK,79456,이지영,0.239,76,216,197,13,47,6,1,3,64,18,2,1,4,2,11,0,2,22,8,0.325,0.283,3,66.7,14,0.608,0.177,0.0,3,0.53,0.719,0.678,0.524,3
SK,51865,조형우,0.238,102,294,269,23,64,8,0,4,84,29,0,0,1,2,19,0,3,64,5,0.312,0.294,4,0.0,13,0.606,0.244,0.0,0,0.54,0.786,0.708,0.5,3
SK,55832,이율예,0.231,8,13,13,3,3,0,0,3,12,7,0,0,0,0,0,0,0,6,0,0.923,0.231,2,0.0,0,1.154,0.25,0.0,0,0.53,0.518,0.517,0.5,4
SK,76802,김성현,0.217,59,137,115,15,25,3,0,1,31,11,1,1,4,1,16,0,1,20,4,0.27,0.316,5,50.0,2,0.586,0.226,0.375,2,0.51,0.663,0.676,0.516,4
SK,55844,맥브룸,0.203,22,80,74,8,15,3,0,4,30,11,0,0,0,0,5,2,1,28,2,0.405,0.263,0,0.0,4,0.668,0.261,0.0,0,0.54,0.552,0.542,0.5,4
SK,60558,오태곤,0.201,122,229,194,31,39,6,0,5,60,26,25,8,3,1,30,0,1,59,4,0.309,0.31,2,75.8,9,0.619,0.196,0.242,33,0.55,0.821,0.802,0.762,1
SK,54806,이승민,0.2,2,5,5,0,1,0,0,0,1,0,0,0,0,0,0,0,0,2,0,0.2,0.2,0,0.0,0,0.4,0.0,1.0,0,0.5,0.504,0.517,0.5,4
SK,55897,홍대인,0.2,14,5,5,3,1,0,0,0,1,0,1,1,0,0,0,0,0,2,0,0.2,0.2,1,50.0,0,0.4,0.0,0.0,2,0.5,0.53,0.517,0.516,4
SK,62934,김성욱,0.195,56,132,123,10,24,6,0,2,36,13,1,2,1,0,7,0,1,35,2,0.293,0.244,0,33.3,5,0.537,0.189,0.0,3,0.52,0.638,0.586,0.524,4
SK,68868,최준우,0.191,78,192,152,17,29,0,0,3,38,22,2,0,3,4,30,0,3,47,3,0.25,0.328,1,100.0,5,0.578,0.262,0.148,2,0.53,0.705,0.728,0.516,3
SK,69804,채현우,0.188,41,52,48,8,9,1,1,1,15,9,2,0,0,1,3,0,0,13,1,0.313,0.231,1,100.0,2,0.544,0.231,0.0,2,0.51,0.599,0.567,0.516,4
SK,66662,신범수,0.182,29,39,33,1,6,1,0,1,10,3,0,0,0,0,5,0,1,7,0,0.303,0.308,0,0.0,0,0.611,0.143,0.4,0,0.51,0.575,0.592,0.5,4
SK,66917,김찬형,0.178,44,78,73,4,13,2,0,0,15,5,0,0,1,0,3,0,1,13,3,0.205,0.221,4,0.0,3,0.426,0.25,0.0,0,0.5,0.609,0.575,0.5,4
SK,54805,박지환,0.15,31,68,60,3,9,0,0,0,9,4,0,1,3,1,4,0,0,19,1,0.15,0.2,5,0.0,1,0.35,0.176,0.0,1,0.5,0.569,0.544,0.508,4
SK,68805,최상민,0.143,23,9,7,5,1,0,0,0,1,1,1,1,0,0,1,0,1,5,0,0.143,0.333,0,50.0,0,0.476,0.0,0.0,2,0.5,0.546,0.545,0.516,4
SK,69813,하재훈,0.143,18,61,56,6,8,0,0,3,17,8,1,2,0,1,4,0,0,21,1,0.304,0.197,1,33.3,1,0.501,0.167,0.0,3,0.53,0.538,0.529,0.524,4
SK,67900,김수윤,0.091,7,12,11,0,1,0,0,0,1,0,0,0,0,0,0,0,1,4,0,0.091,0.167,2,0.0,0,0.258,0.0,0.0,0,0.5,0.513,0.517,0.5,4
SK,71837,김강민,0.0,1,0,0,0,0,0,0,0,0,0,0,0,0,0,0,0,0,0,0,0.0,0.0,0,0.0,0,0.0,0.0,0.0,0,0.5,,,0.5,3
SK,51867,김건우,0.0,1,0,0,0,0,0,0,0,0,0,0,0,0,0,0,0,0,0,0,0.0,0.0,0,0.0,0,0.0,0.0,0.0,0,0.5,,,0.5,3
SK,69825,김창평,0.0,4,0,0,1,0,0,0,0,0,0,0,0,0,0,0,0,0,0,0,0.0,0.0,0,0.0,0,0.0,0.0,0.0,0,0.5,,,0.5,3
SK,65343,김택형,0.0,1,0,0,0,0,0,0,0,0,0,0,0,0,0,0,0,0,0,0,0.0,0.0,0,0.0,0,0.0,0.0,0.0,0,0.5,,,0.5,3
SK,73211,노경은,0.0,1,0,0,0,0,0,0,0,0,0,0,0,0,0,0,0,0,0,0,0.0,0.0,0,0.0,0,0.0,0.0,0.0,0,0.5,,,0.5,3
SK,53892,이로운,0.0,1,0,0,0,0,0,0,0,0,0,0,0,0,0,0,0,0,0,0,0.0,0.0,0,0.0,0,0.0,0.0,0.0,0,0.5,,,0.5,3
SK,67807,이정범,0.0,3,3,3,0,0,0,0,0,0,0,0,0,0,0,0,0,0,2,0,0.0,0.0,0,0.0,0,0.0,0.0,0.0,0,0.5,0.503,0.509,0.5,4
SK,52807,임근우,0.0,3,5,5,0,0,0,0,0,0,0,0,0,0,0,0,0,0,1,0,0.0,0.0,0,0.0,0,0.0,0.0,0.0,0,0.5,0.504,0.515,0.5,4
SK,52809,전영준,0.0,1,0,0,0,0,0,0,0,0,0,0,0,0,0,0,0,0,0,0,0.0,0.0,0,0.0,0,0.0,0.0,0.0,0,0.5,,,0.5,3
SK,51897,조병현,0.0,2,0,0,0,0,0,0,0,0,0,0,0,0,0,0,0,0,0,0,0.0,0.0,0,0.0,0,0.0,0.0,0.0,0,0.5,,,0.5,3
SK,68856,최민준,0.0,1,0,0,0,0,0,0,0,0,0,0,0,0,0,0,0,0,0,0,0.0,0.0,0,0.0,0,0.0,0.0,0.0,0,0.5,,,0.5,3
SK,54803,최현석,0.0,1,0,0,0,0,0,0,0,0,0,0,0,0,0,0,0,0,0,0,0.0,0.0,0,0.0,0,0.0,0.0,0.0,0,0.5,,,0.5,3
SK,68092,한두솔,0.0,1,0,0,0,0,0,0,0,0,0,0,0,0,0,0,0,0,0,0,0.0,0.0,0,0.0,0,0.0,0.0,0.0,0,0.5,,,0.5,3
NC,51903,김정호,0.444,8,11,9,3,4,0,0,0,4,0,0,0,1,0,0,0,1,4,0,0.444,0.5,0,0.0,1,0.944,0.0,0.0,0,0.5,0.526,0.536,0.5,4
NC,50902,김한별,0.313,76,72,64,14,20,2,0,0,22,5,1,0,2,0,3,0,3,5,2,0.344,0.371,2,100.0,3,0.715,0.429,0.0,1,0.5,0.742,0.732,0.508,2
NC,62907,박민우,0.302,117,468,404,64,122,25,8,3,172,67,28,8,4,4,44,5,12,64,5,0.426,0.384,10,77.8,37,0.81,0.432,0.167,36,0.53,0.885,0.876,0.786,2
NC,54944,데이비슨,0.293,112,439,386,63,113,18,0,36,239,97,1,0,0,14,31,1,8,118,10,0.619,0.346,2,100.0,30,0.965,0.237,0.0,1,0.86,0.839,0.754,0.508,0
NC,51907,김주원,0.289,144,624,539,98,156,26,8,15,243,65,44,11,4,2,63,1,16,111,8,0.451,0.379,29,80.0,40,0.83,0.306,0.333,55,0.65,0.971,0.939,0.937,2
NC,79215,박건우,0.289,124,442,384,43,111,24,1,9,164,67,6,4,1,5,47,2,5,63,6,0.427,0.37,2,60.0,30,0.797,0.306,0.4,10,0.59,0.898,0.893,0.579,2
NC,69992,최정원,0.275,91,155,120,40,33,3,0,0,36,11,30,6,4,1,18,0,12,22,0,0.3,0.417,1,83.3,9,0.717,0.194,0.25,36,0.5,0.782,0.832,0.786,1
NC,69995,서호철,0.266,103,292,263,25,70,7,1,3,88,30,7,3,10,4,8,0,7,51,7,0.335,0.301,8,70.0,16,0.636,0.247,0.143,10,0.53,0.803,0.703,0.579,2
NC,50906,박영빈,0.25,16,5,4,8,1,0,0,0,1,1,4,2,0,0,1,0,0,2,0,0.25,0.4,0,66.7,0,0.65,1.0,0.0,6,0.5,0.541,0.565,0.548,4
NC,51996,오태양,0.25,14,13,12,6,3,0,0,0,3,1,2,1,0,0,1,0,0,3,0,0.25,0.308,1,66.7,0,0.558,0.75,0.0,3,0.5,0.537,0.545,0.524,4
NC,63260,이우성,0.25,105,337,300,28,75,22,1,3,108,33,2,1,1,3,31,0,2,66,8,0.36,0.321,3,66.7,19,0.681,0.213,0.385,3,0.53,0.806,0.765,0.524,2
NC,51344,김휘집,0.249,142,500,429,64,107,18,2,17,180,56,10,2,2,2,40,0,27,89,9,0.42,0.349,19,83.3,29,0.769,0.242,0.333,12,0.67,0.934,0.879,0.595,2
NC,63963,권희동,0.246,136,456,358,56,88,24,0,6,130,39,5,5,8,2,77,0,11,80,10,0.363,0.393,1,50.0,21,0.756,0.247,0.077,10,0.56,0.919,1.0,0.579,3
NC,66606,최원준,0.242,126,449,413,62,100,13,3,6,137,44,26,8,2,5,23,0,6,71,5,0.332,0.289,3,76.5,24,0.621,0.224,0.2,34,0.56,0.873,0.763,0.77,1
NC,67905,천재환,0.238,129,294,261,47,62,10,3,6,96,31,15,5,6,5,17,0,5,58,3,0.368,0.292,2,75.0,12,0.66,0.242,0.2,20,0.56,0.865,0.76,0.659,1
NC,68904,오영수,0.232,67,179,155,14,36,5,0,3,50,23,3,2,0,0,22,0,2,47,0,0.323,0.335,1,60.0,9,0.658,0.262,0.273,5,0.53,0.683,0.681,0.54,3
NC,68912,김형준,0.232,127,415,362,51,84,10,1,18,150,55,3,0,3,2,45,0,3,126,7,0.414,0.32,4,100.0,18,0.734,0.29,0.25,3,0.68,0.852,0.78,0.524,0
NC,50996,박시원,0.204,52,60,54,12,11,2,0,1,16,4,1,0,1,0,5,0,0,18,1,0.296,0.271,0,100.0,0,0.567,0.25,0.375,1,0.51,0.627,0.596,0.508,4
NC,54908,고승완,0.2,17,11,10,5,2,0,0,0,2,0,2,1,0,0,1,0,0,5,0,0.2,0.273,0,66.7,0,0.473,0.0,0.333,3,0.5,0.538,0.534,0.524,4
NC,69203,송승환,0.2,13,15,15,0,3,1,0,0,4,2,0,0,0,0,0,0,0,6,0,0.267,0.2,0,0.0,0,0.467,0.667,0.286,0,0.5,0.528,0.517,0.5,4
NC,64101,한석현,0.195,61,138,113,18,22,5,0,3,36,21,1,1,4,2,12,0,7,27,1,0.319,0.306,1,50.0,6,0.625,0.267,0.167,2,0.53,0.661,0.652,0.516,4
NC,50903,한재환,0.185,16,31,27,2,5,0,0,0,5,4,0,0,0,0,2,0,2,14,0,0.185,0.29,0,0.0,0,0.475,0.3,0.2,0,0.5,0.535,0.532,0.5,4
NC,66965,도태훈,0.182,61,98,77,9,14,4,1,1,23,8,3,0,6,0,7,0,8,16,2,0.299,0.315,3,100.0,2,0.614,0.2,0.0,3,0.51,0.661,0.656,0.524,4
NC,50600,홍종표,0.164,62,85,73,16,12,0,0,0,12,3,1,2,4,1,7,0,0,23,1,0.164,0.235,2,33.3,1,0.399,0.091,0.0,3,0.5,0.645,0.601,0.524,4
NC,62244,박세혁,0.163,48,93,86,8,14,3,0,2,23,10,1,0,0,1,5,0,1,28,4,0.267,0.215,3,100.0,3,0.482,0.219,0.091,1,0.52,0.608,0.559,0.508,4
NC,64022,안중열,0.143,33,60,49,2,7,3,0,0,10,6,0,0,1,0,8,0,2,15,0,0.204,0.288,2,0.0,0,0.492,0.182,0.0,0,0.5,0.578,0.59,0.5,4
NC,53992,박한결,0.118,8,19,17,2,2,0,0,2,8,3,0,0,0,0,2,0,0,8,0,0.471,0.211,0,0.0,0,0.682,0.25,0.0,0,0.52,0.515,0.523,0.5,4
NC,69980,김범준,0.0,1,1,1,0,0,0,0,0,0,0,0,0,0,0,0,0,0,1,0,0.0,0.0,0,0.0,0,0.0,0.0,0.0,0,0.5,0.5,0.513,0.5,4
NC,68900,김영규,0.0,1,0,0,0,0,0,0,0,0,0,0,0,0,0,0,0,0,0,0,0.0,0.0,0,0.0,0,0.0,0.0,0.0,0,0.5,,,0.5,3
NC,55995,김태훈,0.0,1,0,0,0,0,0,0,0,0,0,0,0,0,0,0,0,0,0,0,0.0,0.0,0,0.0,0,0.0,0.0,0.0,0,0.5,,,0.5,3
NC,65949,류진욱,0.0,3,0,0,0,0,0,0,0,0,0,0,0,0,0,0,0,0,0,0,0.0,0.0,0,0.0,0,0.0,0.0,0.0,0,0.5,,,0.5,3
NC,64995,배재환,0.0,2,0,0,0,0,0,0,0,0,0,0,0,0,0,0,0,0,0,0,0.0,0.0,0,0.0,0,0.0,0.0,0.0,0,0.5,,,0.5,3
NC,67962,소이현,0.0,2,0,0,0,0,0,0,0,0,0,0,0,0,0,0,0,0,0,0,0.0,0.0,0,0.0,0,0.0,0.0,0.0,0,0.5,,,0.5,3
NC,54904,손주환,0.0,2,0,0,0,0,0,0,0,0,0,0,0,0,0,0,0,0,0,0,0.0,0.0,0,0.0,0,0.0,0.0,0.0,0,0.5,,,0.5,3
NC,50901,안인산,0.0,4,7,6,0,0,0,0,0,0,1,0,0,0,1,0,0,0,3,0,0.0,0.0,0,0.0,0,0.0,0.0,0.0,0,0.5,0.505,0.51,0.5,4
NC,69969,전사민,0.0,1,0,0,0,0,0,0,0,0,0,0,0,0,0,0,0,0,0,0,0.0,0.0,0,0.0,0,0.0,0.0,0.0,0,0.5,,,0.5,3
OB,50204,박지훈,0.417,37,55,48,11,20,4,0,1,27,8,1,0,1,0,5,0,1,12,1,0.563,0.481,2,100.0,4,1.044,0.571,0.667,1,0.51,0.626,0.645,0.508,4
OB,66233,홍성호,0.346,9,27,26,3,9,1,0,2,16,3,0,0,0,0,1,1,0,8,0,0.615,0.37,1,0.0,3,0.985,0.25,0.333,0,0.52,0.526,0.534,0.5,4
OB,76232,양의지,0.337,130,517,454,56,153,27,1,20,242,89,4,2,0,6,50,6,7,63,10,0.533,0.406,5,66.7,44,0.939,0.375,0.5,6,0.7,0.949,0.947,0.548,2
OB,51203,안재석,0.319,35,147,135,25,43,16,1,4,73,20,2,1,1,0,11,1,0,27,3,0.541,0.37,1,66.7,15,0.911,0.5,0.0,3,0.54,0.608,0.609,0.524,4
OB,55208,케이브,0.299,136,593,538,72,161,28,6,16,249,87,17,1,0,8,43,1,4,116,7,0.463,0.351,2,94.4,52,0.814,0.31,0.0,18,0.66,0.939,0.849,0.643,2
OB,55252,박준순,0.284,91,298,282,34,80,11,2,4,107,19,10,2,2,3,10,1,1,56,6,0.379,0.307,24,83.3,19,0.686,0.246,0.0,12,0.54,0.772,0.685,0.595,2
OB,54236,임종성,0.277,33,89,83,7,23,4,0,2,33,11,1,0,1,1,3,0,1,26,1,0.398,0.307,2,100.0,4,0.705,0.333,1.0,1,0.52,0.59,0.565,0.508,4
OB,64468,박계범,0.263,94,198,175,23,46,9,2,1,62,27,3,1,7,1,14,0,1,45,4,0.354,0.319,9,75.0,9,0.673,0.345,0.3,4,0.51,0.767,0.711,0.532,2
OB,50208,오명진,0.263,107,371,331,38,87,14,4,4,121,41,5,3,7,3,27,1,3,94,3,0.366,0.321,10,62.5,22,0.687,0.235,0.25,8,0.54,0.811,0.731,0.563,2
OB,79231,정수빈,0.258,132,546,462,89,119,16,4,6,161,38,26,13,8,4,61,2,11,57,7,0.348,0.355,3,66.7,27,0.703,0.212,1.0,39,0.56,0.923,0.927,0.81,1
OB,64153,양석환,0.248,72,294,262,32,65,16,0,8,105,31,1,0,0,3,24,1,5,82,6,0.401,0.32,4,100.0,17,0.721,0.222,0.0,1,0.58,0.7,0.658,0.508,2
OB,66112,김기연,0.247,100,245,219,19,54,9,0,2,69,24,1,0,4,2,19,0,1,44,8,0.315,0.307,4,100.0,12,0.622,0.228,0.278,1,0.52,0.786,0.738,0.508,2
OB,66209,조수행,0.244,108,140,119,30,29,4,0,0,33,9,30,7,7,0,14,0,0,29,1,0.277,0.323,1,81.1,6,0.6,0.167,0.5,37,0.5,0.802,0.775,0.794,1
OB,67207,이유찬,0.242,89,311,269,36,65,8,1,1,78,16,12,2,6,1,33,0,2,66,4,0.29,0.328,8,85.7,11,0.618,0.194,0.0,14,0.51,0.756,0.736,0.611,1
OB,78224,김재환,0.241,103,407,344,42,83,13,2,13,139,50,7,2,0,2,57,3,4,96,4,0.404,0.354,0,77.8,19,0.758,0.253,0.0,9,0.63,0.801,0.807,0.571,0
OB,52267,김동준,0.237,36,100,93,8,22,3,0,2,31,10,1,1,1,0,5,0,1,30,2,0.333,0.283,1,50.0,3,0.616,0.259,0.333,2,0.52,0.593,0.566,0.516,4
OB,63123,강승호,0.236,115,400,360,51,85,19,3,8,134,37,14,3,2,3,24,2,11,113,7,0.372,0.302,9,82.4,19,0.674,0.224,0.333,17,0.58,0.819,0.707,0.635,1
OB,53554,김민석,0.228,95,247,228,21,52,7,3,1,68,21,3,2,2,3,12,1,2,62,3,0.298,0.269,6,60.0,12,0.567,0.254,0.118,5,0.51,0.754,0.654,0.54,3
OB,66928,박준영,0.225,41,126,111,9,25,8,0,1,36,10,3,0,1,1,10,0,3,32,1,0.324,0.304,8,100.0,6,0.628,0.179,0.0,3,0.51,0.608,0.596,0.524,4
OB,68362,추재현,0.222,34,87,81,7,18,3,1,1,26,7,0,0,2,0,3,0,1,17,2,0.321,0.259,0,0.0,3,0.58,0.111,0.286,0,0.51,0.589,0.567,0.5,4
OB,63257,김인태,0.213,106,225,183,17,39,10,1,3,60,25,0,1,0,1,36,0,5,57,2,0.328,0.356,1,0.0,4,0.684,0.25,0.341,1,0.53,0.79,0.826,0.508,3
OB,55226,김준상,0.2,9,17,15,1,3,1,0,0,4,0,0,0,1,0,0,0,1,8,0,0.267,0.25,0,0.0,1,0.517,0.0,0.0,0,0.5,0.519,0.518,0.5,4
OB,69238,김대한,0.194,16,37,36,1,7,0,0,1,10,5,0,1,0,0,1,0,0,6,0,0.278,0.216,1,0.0,2,0.494,0.167,0.0,1,0.51,0.54,0.536,0.508,4
OB,55224,이선우,0.182,10,11,11,0,2,1,0,0,3,0,0,0,0,0,0,0,0,2,0,0.273,0.182,1,0.0,0,0.455,0.0,0.333,0,0.5,0.524,0.524,0.5,4
OB,54219,류현준,0.136,17,22,22,2,3,0,0,0,3,1,0,0,0,0,0,0,0,6,1,0.136,0.136,1,0.0,0,0.272,0.143,0.25,0,0.5,0.535,0.517,0.5,4
OB,65269,김민혁,0.118,10,21,17,2,2,0,0,1,5,1,0,0,0,0,4,0,0,6,0,0.294,0.286,0,0.0,0,0.58,0.0,0.0,0,0.51,0.522,0.542,0.5,4
OB,54205,여동건,0.105,19,21,19,6,2,0,0,0,2,2,0,1,0,0,2,0,0,2,1,0.105,0.19,1,0.0,0,0.295,0.333,0.333,1,0.5,0.543,0.551,0.508,4
OB,54214,전다민,0.083,22,12,12,5,1,0,0,0,1,0,3,0,0,0,0,0,0,0,1,0.083,0.083,1,100.0,0,0.166,0.5,0.0,3,0.5,0.548,0.53,0.524,4
OB,51269,강현구,0.0,1,2,2,0,0,0,0,0,0,0,0,0,0,0,0,0,0,1,0,0.0,0.0,0,0.0,0,0.0,0.0,0.0,0,0.5,0.501,0.515,0.5,4
OB,72523,고효준,0.0,1,0,0,0,0,0,0,0,0,0,0,0,0,0,0,0,0,0,0,0.0,0.0,0,0.0,0,0.0,0.0,0.0,0,0.5,,,0.5,3
OB,55216,김성재,0.0,1,1,1,0,0,0,0,0,0,0,0,0,0,0,0,0,0,0,0,0.0,0.0,0,0.0,0,0.0,0.0,0.0,0,0.5,0.501,0.517,0.5,4
OB,74206,김재호,0.0,1,0,0,0,0,0,0,0,0,0,0,0,0,0,0,0,0,0,0,0.0,0.0,0,0.0,0,0.0,0.0,0.0,0,0.5,,,0.5,3
OB,68830,김정우,0.0,1,0,0,0,0,0,0,0,0,0,0,0,0,0,0,0,0,0,0,0.0,0.0,0,0.0,0,0.0,0.0,0.0,0,0.5,,,0.5,3
OB,54263,김택연,0.0,5,0,0,0,0,0,0,0,0,0,0,0,0,0,0,0,0,0,0,0.0,0.0,0,0.0,0,0.0,0.0,0.0,0,0.5,,,0.5,3
OB,55221,김한중,0.0,1,0,0,0,0,0,0,0,0,0,0,0,0,0,0,0,0,0,0,0.0,0.0,0,0.0,0,0.0,0.0,0.0,0,0.5,,,0.5,3
OB,68269,김호준,0.0,1,0,0,0,0,0,0,0,0,0,0,0,0,0,0,0,0,0,0,0.0,0.0,0,0.0,0,0.0,0.0,0.0,0,0.5,,,0.5,3
OB,53204,박민준,0.0,7,2,2,0,0,0,0,0,0,0,0,0,0,0,0,0,0,1,0,0.0,0.0,0,0.0,0,0.0,0.0,0.0,0,0.5,0.508,0.504,0.5,4
OB,51298,박성재,0.0,6,7,7,0,0,0,0,0,0,0,0,0,0,0,0,0,0,5,0,0.0,0.0,0,0.0,0,0.0,0.0,0.0,0,0.5,0.505,0.501,0.5,4
OB,68249,박신지,0.0,1,0,0,0,0,0,0,0,0,0,0,0,0,0,0,0,0,0,0,0.0,0.0,0,0.0,0,0.0,0.0,0.0,0,0.5,,,0.5,3
OB,67266,박치국,0.0,1,0,0,0,0,0,0,0,0,0,0,0,0,0,0,0,0,0,0,0.0,0.0,0,0.0,0,0.0,0.0,0.0,0,0.5,,,0.5,3
OB,55215,양재훈,0.0,1,0,0,0,0,0,0,0,0,0,0,0,0,0,0,0,0,0,0,0.0,0.0,0,0.0,0,0.0,0.0,0.0,0,0.5,,,0.5,3
OB,66291,이영하,0.0,1,0,0,0,0,0,0,0,0,0,0,0,0,0,0,0,0,0,0,0.0,0.0,0,0.0,0,0.0,0.0,0.0,0,0.5,,,0.5,3
OB,63202,장승현,0.0,4,2,2,0,0,0,0,0,0,0,0,0,0,0,0,0,0,0,1,0.0,0.0,0,0.0,0,0.0,0.0,0.0,0,0.5,0.506,0.517,0.5,4
OB,52208,천현재,0.0,3,3,3,0,0,0,0,0,0,0,0,0,0,0,0,0,0,0,1,0.0,0.0,0,0.0,0,0.0,0.0,0.0,0,0.5,0.504,0.517,0.5,4
OB,67263,최원준,0.0,1,0,0,0,0,0,0,0,0,0,0,0,0,0,0,0,0,0,0,0.0,0.0,0,0.0,0,0.0,0.0,0.0,0,0.5,,,0.5,3
OB,55267,홍민규,0.0,2,0,0,0,0,0,0,0,0,0,0,0,0,0,0,0,0,0,0,0.0,0.0,0,0.0,0,0.0,0.0,0.0,0,0.5,,,0.5,3
HT,66354,주효상,0.333,8,17,15,1,5,2,0,0,7,1,0,0,0,0,2,0,0,4,0,0.467,0.412,1,0.0,1,0.879,0.667,0.0,0,0.5,0.524,0.541,0.5,4
HT,78603,김선빈,0.321,84,308,271,31,87,18,1,3,116,46,4,0,2,1,31,0,3,35,9,0.428,0.395,9,100.0,25,0.823,0.352,0.333,4,0.53,0.777,0.793,0.532,3
HT,52605,김도영,0.309,30,122,110,20,34,9,0,7,64,27,3,0,0,2,10,1,0,23,3,0.582,0.361,5,100.0,10,0.943,0.294,1.0,3,0.57,0.591,0.595,0.524,4
HT,72443,최형우,0.307,133,549,469,74,144,30,1,24,248,86,1,0,0,5,67,8,8,98,9,0.529,0.399,0,100.0,38,0.928,0.294,0.6,1,0.74,0.94,0.947,0.508,0
HT,61353,고종욱,0.296,46,123,115,13,34,2,0,3,45,16,2,1,0,3,5,1,0,17,2,0.391,0.317,0,66.7,7,0.708,0.321,0.438,3,0.53,0.638,0.616,0.524,4
HT,64646,박찬호,0.287,134,595,516,75,148,18,2,5,185,42,27,6,8,6,62,0,3,69,7,0.359,0.363,16,81.8,37,0.722,0.294,0.0,33,0.55,0.943,0.928,0.762,2
HT,65653,김호령,0.283,105,381,332,46,94,26,3,6,144,39,12,1,8,1,34,0,6,94,4,0.434,0.359,6,92.3,26,0.793,0.27,0.0,13,0.56,0.817,0.772,0.603,2
HT,52667,윤도현,0.275,40,160,149,24,41,7,2,6,70,17,2,1,2,0,8,0,1,36,1,0.47,0.316,9,66.7,12,0.786,0.296,0.0,3,0.56,0.614,0.593,0.524,4
HT,67609,박정우,0.274,53,75,62,17,17,2,0,0,19,4,2,1,0,0,10,0,3,12,1,0.306,0.4,0,66.7,2,0.706,0.267,0.0,3,0.5,0.659,0.697,0.524,4
HT,62947,나성범,0.268,82,310,261,30,70,16,0,10,116,36,0,0,0,1,42,1,6,79,6,0.444,0.381,0,0.0,16,0.825,0.257,0.4,0,0.6,0.742,0.756,0.5,3
HT,69636,오선우,0.265,124,474,437,58,116,17,1,18,189,56,0,2,0,0,34,2,3,158,11,0.432,0.323,11,0.0,32,0.755,0.239,0.143,2,0.68,0.854,0.729,0.516,2
HT,67610,김석환,0.265,47,134,117,14,31,1,2,2,42,16,0,0,0,1,14,0,2,55,0,0.359,0.351,0,0.0,7,0.71,0.345,0.625,0,0.52,0.624,0.605,0.5,4
HT,55926,정현창,0.263,16,21,19,4,5,0,0,0,5,0,0,1,0,0,2,0,0,5,0,0.263,0.333,0,0.0,0,0.596,0.0,0.25,1,0.5,0.544,0.554,0.508,4
HT,78122,김태군,0.258,100,274,236,20,61,10,1,5,88,31,0,0,8,3,17,1,10,20,9,0.373,0.331,7,0.0,16,0.704,0.278,0.0,0,0.55,0.807,0.784,0.5,2
HT,63722,한승택,0.238,15,23,21,3,5,1,0,0,6,0,0,0,0,0,1,0,1,7,1,0.286,0.304,0,0.0,1,0.59,0.125,0.333,0,0.5,0.538,0.539,0.5,4
HT,55645,위즈덤,0.236,119,486,424,73,100,20,1,35,227,85,3,0,0,6,52,2,4,142,9,0.535,0.321,13,100.0,25,0.856,0.207,0.2,3,0.85,0.837,0.768,0.524,0
HT,66614,김규성,0.233,133,222,193,30,45,4,0,3,58,16,5,2,5,1,21,0,2,49,1,0.301,0.313,10,71.4,9,0.614,0.204,0.714,7,0.53,0.87,0.813,0.556,3
HT,68646,한준수,0.225,103,276,244,33,55,12,1,7,90,26,0,0,0,3,26,1,3,48,4,0.369,0.304,3,0.0,11,0.673,0.197,0.261,0,0.57,0.791,0.757,0.5,3
HT,69727,변우혁,0.218,47,153,142,11,31,7,0,0,38,17,0,0,0,0,10,0,1,47,3,0.268,0.275,4,0.0,9,0.543,0.311,0.2,0,0.5,0.619,0.583,0.5,4
HT,50657,박민,0.202,71,105,94,11,19,5,0,1,27,6,1,0,3,0,5,0,3,33,1,0.287,0.265,3,100.0,4,0.552,0.211,0.25,1,0.51,0.674,0.599,0.508,4
HT,65610,황대인,0.189,18,57,53,3,10,3,0,1,16,8,0,0,0,1,3,0,0,14,0,0.302,0.228,2,0.0,3,0.53,0.25,0.0,0,0.51,0.543,0.538,0.5,4
HT,65464,최정용,0.167,4,6,6,0,1,0,0,0,1,0,0,0,0,0,0,0,0,2,1,0.167,0.167,0,0.0,0,0.334,0.0,0.0,0,0.5,0.508,0.517,0.5,4
HT,64560,이창진,0.161,37,113,93,11,15,3,0,1,21,9,0,2,1,1,16,0,2,22,2,0.226,0.295,1,0.0,2,0.521,0.143,0.5,2,0.51,0.593,0.611,0.516,4
HT,78168,서건창,0.136,10,26,22,1,3,1,0,1,7,2,1,0,2,0,2,0,0,5,1,0.318,0.208,0,100.0,0,0.526,0.0,0.333,1,0.51,0.522,0.531,0.508,4
HT,55637,박헌,0.083,8,14,12,0,1,0,0,0,1,0,0,0,0,0,1,0,1,3,0,0.083,0.214,0,0.0,0,0.297,0.0,0.0,0,0.5,0.517,0.527,0.5,4
HT,55636,박재현,0.081,58,69,62,11,5,1,0,0,6,3,4,3,0,1,6,0,0,26,0,0.097,0.159,3,57.1,0,0.256,0.059,0.143,7,0.5,0.609,0.542,0.556,4
HT,53659,정해원,0.075,24,46,40,5,3,0,0,0,3,0,0,0,0,0,5,0,1,14,4,0.075,0.196,1,0.0,0,0.271,0.091,0.167,0,0.5,0.546,0.544,0.5,4
HT,69620,김기훈,0.0,2,1,1,0,0,0,0,0,0,0,0,0,0,0,0,0,0,1,0,0.0,0.0,0,0.0,0,0.0,0.0,0.0,0,0.5,0.501,0.509,0.5,4
HT,60337,김대유,0.0,1,0,0,0,0,0,0,0,0,0,0,0,0,0,0,0,0,0,0,0.0,0.0,0,0.0,0,0.0,0.0,0.0,0,0.5,,,0.5,3
HT,68928,김시훈,0.0,4,0,0,0,0,0,0,0,0,0,0,0,0,0,0,0,0,0,0,0.0,0.0,0,0.0,0,0.0,0.0,0.0,0,0.5,,,0.5,3
HT,69516,김현수,0.0,1,0,0,0,0,0,0,0,0,0,0,0,0,0,0,0,0,0,0,0.0,0.0,0,0.0,0,0.0,0.0,0.0,0,0.5,,,0.5,3
HT,55632,이성원,0.0,1,0,0,0,0,0,0,0,0,0,0,0,0,0,0,0,0,0,0,0.0,0.0,0,0.0,0,0.0,0.0,0.0,0,0.5,,,0.5,3
HT,65665,이준영,0.0,1,0,0,0,0,0,0,0,0,0,0,0,0,0,0,0,0,0,0,0.0,0.0,0,0.0,0,0.0,0.0,0.0,0,0.5,,,0.5,3
HT,66609,전상현,0.0,1,0,0,0,0,0,0,0,0,0,0,0,0,0,0,0,0,0,0,0.0,0.0,0,0.0,0,0.0,0.0,0.0,0,0.5,,,0.5,3
HT,50662,정해영,0.0,1,0,0,0,0,0,0,0,0,0,0,0,0,0,0,0,0,0,0,0.0,0.0,0,0.0,0,0.0,0.0,0.0,0,0.5,,,0.5,3
HT,63342,조상우,0.0,2,0,0,0,0,0,0,0,0,0,0,0,0,0,0,0,0,0,0,0.0,0.0,0,0.0,0,0.0,0.0,0.0,0,0.5,,,0.5,3
HT,51994,한재승,0.0,2,0,0,0,0,0,0,0,0,0,0,0,0,0,0,0,0,0,0,0.0,0.0,0,0.0,0,0.0,0.0,0.0,0,0.5,,,0.5,3
HT,52641,황동하,0.0,3,0,0,0,0,0,0,0,0,0,0,0,0,0,0,0,0,0,0,0.0,0.0,0,0.0,0,0.0,0.0,0.0,0,0.5,,,0.5,3
KT,68504,이호연,0.343,32,75,70,8,24,7,0,1,34,8,0,0,1,0,3,0,1,14,2,0.486,0.378,1,0.0,5,0.864,0.3,0.389,0,0.51,0.6,0.595,0.5,4
KT,52001,안현민,0.334,112,482,395,72,132,19,4,22,225,80,7,1,0,3,75,5,9,72,4,0.57,0.448,8,87.5,38,1.018,0.333,0.0,8,0.72,0.887,0.961,0.563,0
KT,64004,김민혁,0.287,106,417,380,52,109,12,2,0,125,35,11,3,4,1,25,1,7,41,12,0.329,0.341,2,78.6,29,0.67,0.262,0.286,14,0.5,0.84,0.796,0.611,2
KT,79240,허경민,0.283,114,481,420,47,119,18,0,4,149,44,4,1,3,4,39,1,15,35,14,0.355,0.362,10,80.0,33,0.717,0.29,0.0,5,0.54,0.874,0.864,0.54,2
KT,76313,황재균,0.275,112,424,385,50,106,19,0,7,146,48,3,1,1,2,34,1,2,84,2,0.379,0.336,5,75.0,31,0.715,0.403,0.111,4,0.57,0.842,0.783,0.532,2
KT,68050,강백호,0.265,95,369,321,41,85,18,1,15,150,61,2,4,0,1,44,3,3,64,9,0.467,0.358,1,33.3,21,0.825,0.3,0.5,6,0.65,0.789,0.795,0.548,0
KT,69056,박민석,0.263,19,21,19,5,5,1,1,0,8,1,0,1,0,0,2,0,0,4,0,0.421,0.333,2,0.0,1,0.754,0.0,0.0,1,0.5,0.553,0.564,0.508,4
KT,55013,스티븐슨,0.262,39,168,149,26,39,12,0,3,60,14,2,0,1,0,14,0,4,43,2,0.403,0.341,2,100.0,12,0.744,0.258,0.0,2,0.53,0.61,0.603,0.516,4
KT,67644,이정훈,0.258,59,148,132,20,34,4,0,4,50,14,0,1,0,0,13,0,3,48,4,0.379,0.338,1,0.0,6,0.717,0.258,0.286,1,0.54,0.659,0.633,0.508,4
KT,64504,오윤석,0.256,77,184,156,30,40,8,1,0,50,19,0,0,8,1,12,0,7,41,4,0.321,0.335,1,0.0,8,0.656,0.302,0.3,0,0.5,0.719,0.683,0.5,2
KT,79402,김상수,0.254,113,423,355,42,90,14,0,5,119,47,3,1,5,7,52,1,4,57,8,0.335,0.349,8,75.0,20,0.684,0.287,0.25,4,0.55,0.848,0.859,0.532,3
KT,78548,장성우,0.247,129,480,413,44,102,13,0,14,157,58,0,1,2,8,55,1,2,96,13,0.38,0.333,5,0.0,25,0.713,0.191,0.25,1,0.64,0.885,0.853,0.508,2
KT,67025,로하스,0.239,95,384,331,48,79,20,0,14,141,43,1,1,0,4,48,3,1,71,9,0.426,0.333,4,50.0,18,0.759,0.227,0.167,2,0.64,0.779,0.777,0.516,0
KT,67006,안치영,0.227,47,56,44,9,10,1,0,1,14,6,0,2,4,1,4,0,3,13,1,0.318,0.327,0,0.0,1,0.645,0.308,0.0,2,0.51,0.625,0.616,0.516,4
KT,51003,권동진,0.225,123,309,271,34,61,12,3,1,82,25,3,1,6,1,30,0,1,91,8,0.303,0.304,15,75.0,12,0.607,0.27,0.5,4,0.51,0.83,0.751,0.532,3
KT,64007,문상철,0.214,79,209,173,22,37,6,1,5,60,20,1,1,3,3,25,0,5,44,3,0.347,0.325,0,50.0,6,0.672,0.178,0.25,2,0.55,0.716,0.718,0.516,3
KT,66706,장진혁,0.209,86,157,139,19,29,3,1,4,46,19,1,0,4,1,13,0,0,46,1,0.331,0.275,1,100.0,5,0.606,0.184,0.167,1,0.54,0.718,0.653,0.508,3
KT,64115,장준원,0.207,73,154,140,10,29,3,0,1,35,11,0,0,5,1,8,0,0,27,5,0.25,0.248,3,0.0,6,0.498,0.182,0.0,0,0.51,0.692,0.633,0.5,4
KT,64166,배정대,0.204,99,276,240,25,49,11,2,2,70,28,6,3,7,3,19,0,7,65,4,0.292,0.279,1,66.7,11,0.571,0.281,0.143,9,0.52,0.763,0.687,0.571,3
KT,52002,김병준,0.2,9,5,5,2,1,0,0,0,1,0,0,0,0,0,0,0,0,2,0,0.2,0.2,0,0.0,0,0.4,0.0,0.0,0,0.5,0.519,0.517,0.5,4
KT,50066,강현우,0.188,40,78,64,5,12,1,0,1,16,8,0,0,3,1,10,0,0,14,1,0.25,0.293,4,0.0,2,0.543,0.235,0.364,0,0.51,0.604,0.616,0.5,4
KT,68089,조대현,0.187,64,90,75,7,14,4,0,0,18,11,0,0,6,0,7,0,2,22,0,0.24,0.274,7,0.0,1,0.514,0.348,0.5,0,0.5,0.66,0.627,0.5,4
KT,51013,유준규,0.118,35,41,34,13,4,2,0,0,6,3,2,1,0,0,7,0,0,13,0,0.176,0.268,0,66.7,0,0.444,0.111,0.0,3,0.5,0.576,0.59,0.524,4
KT,51007,최성민,0.105,32,21,19,3,2,0,0,0,2,2,1,0,1,0,1,0,0,5,0,0.105,0.15,1,100.0,0,0.255,0.5,0.0,1,0.5,0.566,0.536,0.508,4
KT,50092,윤준혁,0.059,28,18,17,4,1,1,0,0,2,0,1,0,1,0,0,0,0,5,0,0.118,0.059,0,100.0,0,0.177,0.0,0.0,1,0.5,0.55,0.5,0.508,4
KT,69064,강민성,0.033,25,36,30,0,1,0,0,0,1,1,0,0,0,1,5,0,0,15,1,0.033,0.167,0,0.0,0,0.2,0.0,0.0,0,0.5,0.541,0.535,0.5,4
KT,51005,김건형,0.0,2,1,1,0,0,0,0,0,0,0,0,0,0,0,0,0,0,0,0,0.0,0.0,0,0.0,0,0.0,0.0,0.0,0,0.5,0.503,0.517,0.5,4
KT,54097,김민석,0.0,2,0,0,0,0,0,0,0,0,0,0,0,0,0,0,0,0,0,0,0.0,0.0,0,0.0,0,0.0,0.0,0.0,0,0.5,,,0.5,3
KT,65048,김민수,0.0,1,0,0,0,0,0,0,0,0,0,0,0,0,0,0,0,0,0,0,0.0,0.0,0,0.0,0,0.0,0.0,0.0,0,0.5,,,0.5,3
KT,55046,박건우,0.0,2,0,0,0,0,0,0,0,0,0,0,0,0,0,0,0,0,0,0,0.0,0.0,0,0.0,0,0.0,0.0,0.0,0,0.5,,,0.5,3
KT,52060,박영현,0.0,5,0,0,0,0,0,0,0,0,0,0,0,0,0,0,0,0,0,0,0.0,0.0,0,0.0,0,0.0,0.0,0.0,0,0.5,,,0.5,3
KT,69041,손동현,0.0,1,0,0,0,0,0,0,0,0,0,0,0,0,0,0,0,0,0,0,0.0,0.0,0,0.0,0,0.0,0.0,0.0,0,0.5,,,0.5,3
KT,64012,송민섭,0.0,3,0,0,0,0,0,0,0,0,0,0,0,0,0,0,0,0,0,0,0.0,0.0,0,0.0,0,0.0,0.0,0.0,0,0.5,,,0.5,3
KT,55005,오서진,0.0,3,0,0,0,0,0,0,0,0,0,0,0,0,0,0,0,0,0,0,0.0,0.0,1,0.0,0,0.0,0.0,0.0,0,0.5,,,0.5,3
KT,73117,우규민,0.0,2,0,0,0,0,0,0,0,0,0,0,0,0,0,0,0,0,0,0,0.0,0.0,0,0.0,0,0.0,0.0,0.0,0,0.5,,,0.5,3
KT,69054,이상동,0.0,2,0,0,0,0,0,0,0,0,0,0,0,0,0,0,0,0,0,0,0.0,0.0,0,0.0,0,0.0,0.0,0.0,0,0.5,,,0.5,3
KT,67048,이정현,0.0,2,0,0,0,0,0,0,0,0,0,0,0,0,0,0,0,0,0,0,0.0,0.0,0,0.0,0,0.0,0.0,0.0,0,0.5,,,0.5,3
KT,65060,주권,0.0,2,0,0,0,0,0,0,0,0,0,0,0,0,0,0,0,0,0,0,0.0,0.0,0,0.0,0,0.0,0.0,0.0,0,0.5,,,0.5,3
KT,79140,최동환,0.0,1,0,0,0,0,0,0,0,0,0,0,0,0,0,0,0,0,0,0,0.0,0.0,0,0.0,0,0.0,0.0,0.0,0,0.5,,,0.5,3
WO,54305,이재상,0.5,2,2,2,0,1,0,0,0,1,0,0,0,0,0,0,0,0,1,0,0.5,0.5,1,0.0,0,1.0,0.0,0.0,0,0.5,0.506,0.521,0.5,4
WO,65357,송성문,0.315,144,646,574,103,181,37,4,26,304,90,25,2,0,3,68,5,1,96,6,0.53,0.387,14,92.6,53,0.917,0.372,0.333,27,0.76,0.99,0.968,0.714,2
WO,51302,이주형,0.313,11,17,16,2,5,0,0,0,5,2,0,0,0,0,1,0,0,7,0,0.313,0.353,0,0.0,1,0.666,0.6,0.143,0,0.5,0.529,0.534,0.5,4
WO,76267,최주환,0.275,120,506,459,45,126,31,1,12,195,74,0,0,0,6,36,2,5,66,8,0.425,0.33,6,0.0,33,0.755,0.291,0.5,0,0.62,0.88,0.819,0.5,2
WO,53344,김동헌,0.268,49,91,82,8,22,3,0,0,25,8,0,0,0,1,7,0,1,23,0,0.305,0.33,1,0.0,3,0.635,0.292,0.6,0,0.5,0.637,0.62,0.5,4
WO,68305,변상권,0.263,12,20,19,2,5,2,0,0,7,4,0,0,0,1,0,0,0,2,0,0.368,0.25,0,0.0,0,0.618,0.333,0.167,0,0.5,0.534,0.535,0.5,4
WO,54444,카디네스,0.253,86,361,320,33,81,15,1,7,119,42,1,2,0,3,32,2,6,67,7,0.372,0.33,4,33.3,21,0.702,0.284,0.0,3,0.57,0.755,0.727,0.524,2
WO,50304,김병휘,0.25,7,6,4,2,1,0,0,0,1,0,0,0,0,0,2,0,0,1,0,0.25,0.5,0,0.0,0,0.75,0.0,0.0,0,0.5,0.521,0.556,0.5,4
WO,69332,주성원,0.25,58,174,156,21,39,6,0,1,48,12,4,0,0,1,13,0,4,45,2,0.308,0.322,2,100.0,10,0.63,0.212,0.3,4,0.51,0.66,0.633,0.532,4
WO,64340,임지열,0.244,102,417,369,51,90,14,2,11,141,50,13,6,1,3,42,0,2,111,11,0.382,0.322,4,68.4,19,0.704,0.31,0.6,19,0.61,0.79,0.738,0.651,0
WO,53312,김건희,0.242,105,344,322,24,78,20,2,3,111,25,2,1,7,2,13,0,0,102,10,0.345,0.27,5,66.7,19,0.615,0.224,0.2,3,0.53,0.783,0.642,0.524,3
WO,55326,스톤,0.241,22,93,87,4,21,0,0,2,27,15,0,0,0,1,5,0,0,24,2,0.31,0.28,1,0.0,6,0.59,0.286,1.0,0,0.52,0.558,0.551,0.5,4
WO,50167,이주형,0.24,127,514,446,55,107,22,1,11,164,45,15,1,3,0,37,2,28,115,7,0.368,0.337,1,93.8,28,0.705,0.257,0.222,16,0.61,0.876,0.8,0.627,0
WO,78756,오선진,0.238,99,163,143,15,34,8,0,1,45,19,0,0,4,1,12,0,3,45,2,0.315,0.308,4,0.0,8,0.623,0.313,0.0,0,0.51,0.766,0.697,0.5,3
WO,55392,어준서,0.238,116,360,324,48,77,9,1,6,106,27,1,0,3,1,30,1,2,75,10,0.327,0.305,29,100.0,20,0.632,0.222,0.182,1,0.56,0.831,0.764,0.508,3
WO,64346,임병욱,0.233,52,140,133,12,31,4,3,2,47,13,1,0,1,1,5,0,0,33,3,0.353,0.259,1,100.0,6,0.612,0.29,0.222,1,0.52,0.637,0.586,0.508,4
WO,64984,김태진,0.233,94,304,279,27,65,11,2,5,95,25,1,1,2,3,20,1,0,53,6,0.341,0.281,9,50.0,15,0.622,0.156,0.214,2,0.55,0.766,0.7,0.516,3
WO,55397,전태현,0.231,77,207,182,20,42,5,0,0,47,10,4,0,3,2,20,0,0,59,2,0.258,0.304,4,100.0,8,0.562,0.282,0.267,4,0.5,0.705,0.666,0.532,3
WO,50357,박주홍,0.226,102,283,248,33,56,11,3,3,82,23,11,1,2,2,30,0,1,72,5,0.331,0.31,3,91.7,12,0.641,0.219,0.182,12,0.53,0.779,0.738,0.595,3
WO,66838,김동엽,0.222,9,29,27,2,6,2,0,0,8,2,0,0,0,0,2,0,0,11,1,0.296,0.276,0,0.0,2,0.572,0.5,0.0,0,0.5,0.521,0.527,0.5,4
WO,54344,고영우,0.217,14,26,23,4,5,1,0,0,6,2,0,0,1,0,2,0,0,6,2,0.261,0.28,2,0.0,1,0.541,0.3,0.0,0,0.5,0.535,0.542,0.5,4
WO,52366,푸이그,0.212,40,172,156,17,33,2,0,6,53,20,0,0,0,0,12,0,4,38,1,0.34,0.285,2,0.0,9,0.625,0.256,0.0,0,0.56,0.606,0.59,0.5,4
WO,55339,염승원,0.211,11,21,19,2,4,0,0,0,4,1,0,0,0,1,1,0,0,6,0,0.211,0.238,0,0.0,0,0.449,0.0,0.0,0,0.5,0.526,0.529,0.5,4
WO,62332,김재현,0.208,62,128,120,12,25,5,0,0,30,5,1,0,4,0,1,0,3,31,1,0.25,0.234,4,100.0,5,0.484,0.132,0.0,1,0.5,0.657,0.573,0.508,4
WO,78135,이형종,0.2,33,82,70,4,14,3,0,2,23,6,1,0,2,0,9,0,1,22,3,0.329,0.3,0,100.0,1,0.629,0.2,0.222,1,0.52,0.583,0.585,0.508,4
WO,62925,강진성,0.182,6,13,11,1,2,0,0,0,2,1,0,0,0,0,2,0,0,1,2,0.182,0.308,0,0.0,1,0.49,0.2,0.0,0,0.5,0.515,0.536,0.5,4
WO,54394,송지후,0.175,33,86,80,5,14,3,0,1,20,8,0,1,0,1,3,0,2,18,3,0.25,0.221,2,0.0,3,0.471,0.154,0.0,1,0.51,0.58,0.554,0.508,4
WO,54307,원성준,0.174,24,53,46,5,8,1,0,2,15,4,0,0,0,0,7,0,0,18,1,0.326,0.283,0,0.0,3,0.609,0.333,0.2,0,0.52,0.555,0.561,0.5,4
WO,52305,박수종,0.143,38,45,42,6,6,0,0,1,9,2,1,0,0,0,3,0,0,12,0,0.214,0.2,1,100.0,2,0.414,0.083,0.0,1,0.51,0.585,0.555,0.508,4
WO,75566,이원석,0.143,5,8,7,1,1,0,0,0,1,0,0,0,0,0,1,0,0,2,1,0.143,0.25,0,0.0,0,0.393,0.0,0.0,0,0.5,0.511,0.526,0.5,4
WO,51359,장재영,0.143,10,16,14,1,2,0,0,0,2,2,1,0,0,0,2,0,0,7,0,0.143,0.25,1,100.0,0,0.393,0.333,0.0,1,0.5,0.52,0.528,0.508,4
WO,55393,여동욱,0.132,28,61,53,6,7,1,0,2,14,2,0,0,1,0,7,0,0,21,2,0.264,0.233,4,0.0,0,0.497,0.0,0.286,0,0.52,0.559,0.554,0.5,4
WO,55371,권혁빈,0.1,22,24,20,1,2,0,0,0,2,1,0,0,2,0,2,0,0,7,1,0.1,0.182,0,0.0,0,0.282,0.0,0.0,0,0.5,0.544,0.536,0.5,4
WO,65898,김웅빈,0.083,10,31,24,1,2,0,0,0,2,0,0,0,1,0,6,0,0,7,2,0.083,0.267,0,0.0,0,0.35,0.0,0.0,0,0.5,0.521,0.543,0.5,4
WO,55370,양현종,0.083,12,14,12,1,1,0,0,0,1,0,0,0,0,0,2,0,0,5,0,0.083,0.214,1,0.0,0,0.297,0.0,0.0,0,0.5,0.523,0.533,0.5,4
WO,53301,박윤성,0.0,3,0,0,0,0,0,0,0,0,0,0,0,0,0,0,0,0,0,0,0.0,0.0,0,0.0,0,0.0,0.0,0.0,0,0.5,,,0.5,3
WO,55394,박정훈,0.0,1,0,0,0,0,0,0,0,0,0,0,0,0,0,0,0,0,0,0,0.0,0.0,0,0.0,0,0.0,0.0,0.0,0,0.5,,,0.5,3
WO,69328,박주성,0.0,2,0,0,0,0,0,0,0,0,0,0,0,0,0,0,0,0,0,0,0.0,0.0,0,0.0,0,0.0,0.0,0.0,0,0.5,,,0.5,3
WO,53309,서유신,0.0,6,8,7,0,0,0,0,0,0,0,0,0,0,0,1,0,0,4,0,0.0,0.125,1,0.0,0,0.125,0.0,0.0,0,0.5,0.508,0.517,0.5,4
WO,69045,알칸타라,0.0,1,0,0,0,0,0,0,0,0,0,0,0,0,0,0,0,0,0,0,0.0,0.0,0,0.0,0,0.0,0.0,0.0,0,0.5,,,0.5,3
WO,53302,이승원,0.0,1,2,2,0,0,0,0,0,0,0,0,0,0,0,0,0,0,0,0,0.0,0.0,1,0.0,0,0.0,0.0,0.0,0,0.5,0.501,0.517,0.5,4
WO,55301,이준우,0.0,1,0,0,0,0,0,0,0,0,0,0,0,0,0,0,0,0,0,0,0.0,0.0,0,0.0,0,0.0,0.0,0.0,0,0.5,,,0.5,3
WO,52330,주승우,0.0,2,0,0,0,0,0,0,0,0,0,0,0,0,0,0,0,0,0,0,0.0,0.0,0,0.0,0,0.0,0.0,0.0,0,0.5,,,0.5,3
