team,player_id,player_name,ERA,G,CG,SHO,W,L,SV,HLD,WPCT,TBF,NP,IP,H,2B,3B,HR,SAC,SF,BB,IBB,SO,WP,BK,R,ER,BSV,WHIP,AVG,QS,speed,stamina,control,fireball,style
LG,50904,이종준,0.0,2,0,0,0,0,0,0,0.0,6,33,1.667,0,0,0,0,0,0,1,0,2,0,0,0,0,0,0.6,0.0,0,145.0,0.511,0.528,0.948,3
LG,77263,김강률,1.46,12,0,0,1,0,1,4,1.0,51,182,12.333,7,1,0,0,0,0,8,0,9,0,0,2,2,0,1.22,0.167,0,143.0,0.561,0.566,0.935,3
LG,61145,이우찬,1.89,23,0,0,0,1,0,0,0.0,86,338,19.0,13,2,0,0,1,0,14,0,20,3,0,6,4,0,1.42,0.186,0,142.0,0.641,0.636,0.928,3
LG,55167,김영우,2.4,66,0,0,3,2,1,7,0.6,255,957,60.0,49,13,0,2,5,2,30,2,56,5,0,17,16,3,1.32,0.228,0,151.0,0.871,0.858,0.987,0
LG,50106,유영찬,2.63,39,0,0,2,2,21,1,0.5,177,672,41.0,31,7,0,2,1,1,23,3,52,3,0,14,12,1,1.32,0.208,0,147.0,0.725,0.767,0.961,1
LG,55130,톨허스트,2.86,8,0,0,6,2,0,0,0.75,184,713,44.0,39,7,1,2,1,1,16,1,45,1,0,15,14,0,1.25,0.238,5,150.0,0.554,0.559,0.98,0
LG,61101,임찬규,3.03,27,1,1,11,7,0,0,0.611,670,2490,160.333,163,38,3,9,5,4,40,1,107,1,0,61,54,0,1.27,0.265,15,138.0,0.687,0.633,0.902,2
LG,55146,치리노스,3.31,30,0,0,13,6,0,0,0.684,737,2809,177.0,173,26,1,5,8,1,36,0,137,4,0,71,65,0,1.18,0.253,17,148.0,0.711,0.664,0.967,0
LG,67143,손주영,3.41,30,0,0,11,6,0,0,0.647,644,2496,153.0,153,20,2,8,5,3,49,0,132,6,0,67,58,0,1.32,0.262,14,145.0,0.708,0.665,0.948,2
LG,75867,김진성,3.44,78,0,0,6,4,1,33,0.6,291,1235,70.667,61,7,3,7,2,7,24,1,63,1,0,28,27,7,1.2,0.236,0,141.0,0.973,0.932,0.922,1
LG,51111,송승기,3.5,28,0,0,11,6,0,0,0.647,629,2523,144.0,149,25,1,15,5,4,49,0,125,2,0,61,56,0,1.38,0.261,10,143.0,0.705,0.653,0.935,2
LG,65109,백승현,3.9,33,0,0,1,0,0,2,1.0,146,583,30.0,28,3,1,2,2,1,28,1,27,3,0,13,13,0,1.87,0.246,0,146.0,0.722,0.641,0.954,2
LG,54119,에르난데스,4.23,14,0,0,4,4,0,0,0.5,276,1142,66.0,53,14,0,7,0,5,24,0,73,3,0,32,31,0,1.17,0.219,7,146.0,0.598,0.601,0.954,3
LG,63950,장현식,4.35,56,0,0,3,3,10,5,0.5,234,884,49.667,65,16,1,4,3,0,21,1,38,4,0,27,24,1,1.73,0.317,0,146.0,0.849,0.734,0.954,2
LG,51526,우강훈,4.66,11,0,0,0,0,0,0,0.0,46,180,9.667,12,2,0,0,0,1,6,0,5,0,0,5,5,0,1.86,0.324,0,146.0,0.569,0.541,0.954,3
LG,53139,박명근,4.89,44,0,0,3,4,4,10,0.429,168,638,38.667,36,5,1,5,2,1,16,2,30,0,1,21,21,1,1.34,0.25,0,145.0,0.754,0.716,0.948,2
LG,69134,이정용,5.03,39,0,0,6,1,1,7,0.857,139,575,34.0,32,3,1,3,1,0,12,0,26,0,0,19,19,1,1.29,0.258,0,142.0,0.728,0.697,0.928,2
LG,68419,최채흥,5.28,13,0,0,0,1,0,2,0.0,132,507,29.0,35,6,2,3,0,1,14,0,21,2,0,17,17,0,1.69,0.302,0,137.0,0.583,0.562,0.895,3
LG,69108,이지강,5.32,43,0,0,1,2,3,4,0.333,211,883,47.333,50,9,2,4,0,1,24,0,39,1,1,29,28,1,1.56,0.27,0,144.0,0.779,0.702,0.941,2
LG,55122,김종운,5.4,2,0,0,0,0,0,0,0.0,7,31,1.667,2,0,0,2,0,0,0,0,2,0,0,3,1,0,1.2,0.286,0,145.0,0.51,0.527,0.948,3
LG,63145,배재준,5.54,14,0,0,0,0,0,1,0.0,56,234,13.0,9,4,0,1,0,1,7,0,14,1,0,8,8,0,1.23,0.191,0,148.0,0.586,0.596,0.967,0
LG,63248,함덕주,6.0,31,0,0,2,3,0,1,0.4,113,463,27.0,14,5,0,1,4,3,18,0,26,3,0,19,18,0,1.19,0.159,0,138.0,0.683,0.681,0.902,2
LG,55138,코엔 윈,7.04,5,0,0,1,1,0,0,0.5,107,408,23.0,28,7,0,4,2,1,4,0,8,0,0,19,18,0,1.39,0.295,1,142.0,0.534,0.528,0.928,3
LG,51154,김진수,9.0,4,0,0,0,0,0,0,0.0,27,104,5.0,11,3,0,2,0,0,1,0,6,0,0,5,5,0,2.4,0.423,0,144.0,0.527,0.532,0.941,3
LG,68159,성동현,9.0,12,0,0,0,0,0,0,0.0,45,201,9.0,10,0,0,2,1,0,9,0,6,1,0,9,9,0,2.11,0.286,0,145.0,0.589,0.543,0.948,3
LG,64596,김유영,12.46,6,0,0,0,0,0,0,0.0,26,108,4.333,8,3,0,0,1,0,4,0,5,0,0,6,6,0,2.77,0.4,0,141.0,0.549,0.534,0.922,3
LG,55121,박시원,13.5,2,0,0,0,0,0,0,0.0,9,35,1.333,0,0,0,0,0,0,5,0,0,0,0,2,2,0,3.75,0.0,0,149.0,0.516,0.503,0.974,0
LG,69159,정우영,20.25,4,0,0,0,0,0,0,0.0,13,56,2.667,1,0,0,1,0,0,4,0,3,0,0,6,6,0,1.88,0.125,0,144.0,0.526,0.53,0.941,3
LG,65411,김주온,27.0,1,0,0,0,1,0,0,0.0,5,23,0.333,0,0,0,0,0,0,2,0,1,0,0,1,1,0,6.0,0.0,0,145.0,0.521,0.514,0.948,3
HH,55730,폰세,1.89,29,0,0,17,1,0,0,0.944,697,2854,180.667,128,18,0,10,3,4,41,0,252,7,3,41,38,0,0.94,0.199,20,151.0,0.705,0.742,0.987,0
HH,65769,김범수,2.25,73,0,0,2,1,2,6,0.667,195,780,48.0,30,5,0,0,2,1,22,1,41,1,0,17,12,0,1.08,0.181,0,145.0,0.91,0.901,0.948,1
HH,61666,한승혁,2.25,71,0,0,3,3,3,16,0.5,269,1002,64.0,56,5,1,4,2,0,23,1,53,3,0,18,16,5,1.23,0.236,0,146.0,0.892,0.872,0.954,1
HH,55743,정우주,2.85,51,0,0,3,0,0,3,1.0,228,1007,53.667,34,6,1,6,3,2,21,0,82,3,1,18,17,0,1.02,0.177,0,148.0,0.831,0.929,0.967,0
HH,54755,와이스,2.87,30,0,0,16,5,0,0,0.762,725,2837,178.667,127,30,1,13,4,6,56,0,207,5,2,63,57,0,1.02,0.197,21,149.0,0.711,0.715,0.974,0
HH,51715,김기중,3.07,5,0,0,0,1,0,0,0.0,66,259,14.667,16,2,1,0,0,1,6,0,8,1,0,5,5,0,1.5,0.276,0,141.0,0.532,0.53,0.922,3
HH,53754,김서현,3.14,69,0,0,2,4,33,2,0.333,280,1124,66.0,52,7,3,4,5,2,31,3,71,7,0,23,23,4,1.26,0.222,0,151.0,0.911,0.921,0.987,0
HH,76715,류현진,3.23,26,0,0,9,7,0,0,0.563,574,2268,139.333,144,22,3,12,5,0,25,2,122,2,0,54,50,0,1.21,0.267,12,142.0,0.681,0.654,0.928,2
HH,63765,김종수,3.25,63,0,0,4,5,0,5,0.444,282,1104,63.667,57,17,1,5,4,5,36,1,59,2,1,30,23,0,1.46,0.245,0,143.0,0.884,0.823,0.935,1
HH,52731,박준영,3.6,1,0,0,0,0,0,0,0.0,24,110,5.0,3,0,0,0,0,1,6,0,3,0,0,2,2,0,1.8,0.176,0,144.0,0.506,0.515,0.941,3
HH,69213,윤산흠,3.78,12,0,0,0,0,0,0,0.0,73,268,16.667,16,5,0,1,0,0,5,0,17,1,1,7,7,0,1.26,0.246,0,147.0,0.568,0.583,0.961,3
HH,60768,이태양,3.97,14,0,0,0,1,0,0,0.0,51,181,11.333,14,5,0,0,1,0,5,1,8,0,0,5,5,1,1.68,0.318,0,140.0,0.577,0.566,0.915,3
HH,52701,문동주,4.02,24,1,0,11,5,0,0,0.688,501,1947,121.0,112,16,5,7,3,4,31,0,135,11,0,57,54,0,1.18,0.243,11,150.0,0.664,0.666,0.98,0
HH,54768,조동욱,4.05,68,0,0,3,3,2,5,0.5,283,1068,60.0,77,16,0,4,2,2,29,3,43,7,1,29,27,1,1.77,0.313,0,142.0,0.924,0.761,0.928,1
HH,67703,박상원,4.19,74,0,0,4,3,0,16,0.571,294,1128,66.667,67,14,1,4,4,4,21,0,52,4,0,35,31,3,1.32,0.261,0,145.0,0.939,0.865,0.948,1
HH,65707,주현상,5.18,48,0,0,5,2,1,3,0.714,193,776,41.667,59,14,2,8,2,0,10,0,37,1,0,25,24,2,1.66,0.331,0,143.0,0.81,0.739,0.935,2
HH,54729,황준서,5.3,23,0,0,2,8,0,0,0.2,242,1012,56.0,54,11,4,7,0,2,26,2,57,1,0,37,33,0,1.43,0.255,2,142.0,0.653,0.637,0.928,2
HH,65056,엄상백,6.58,28,0,0,2,7,0,1,0.222,379,1540,80.667,106,18,3,13,3,3,38,0,74,3,0,60,59,0,1.79,0.324,2,143.0,0.701,0.637,0.935,2
HH,65117,이상규,8.0,5,0,0,0,1,0,0,0.0,47,155,9.0,16,2,1,0,0,0,4,0,5,0,0,9,8,0,2.22,0.372,0,142.0,0.53,0.524,0.928,3
HH,55764,권민규,8.44,5,0,0,0,0,0,0,0.0,28,129,5.333,5,1,0,1,0,1,7,0,4,0,0,5,5,0,2.25,0.25,0,139.0,0.539,0.525,0.908,3
HH,50705,강재민,9.0,4,0,0,0,0,0,0,0.0,20,92,4.0,6,1,0,1,0,1,2,0,5,0,0,4,4,0,2.0,0.375,0,141.0,0.529,0.534,0.922,3
HH,54702,원종혁,16.2,2,0,0,0,0,0,0,0.0,10,37,1.667,3,0,0,1,0,1,2,0,1,0,0,3,3,0,3.0,0.429,0,150.0,0.513,0.514,0.98,0
HH,50711,김승일,23.63,5,0,0,0,0,0,0,0.0,17,68,2.667,3,0,0,1,0,0,3,0,3,1,0,7,7,0,2.25,0.273,0,142.0,0.541,0.533,0.928,3
LT,62528,김원중,2.67,53,0,0,4,3,32,0,0.571,272,1117,60.667,58,11,2,4,4,1,33,6,69,7,1,21,18,6,1.5,0.25,0,144.0,0.842,0.816,0.941,1
LT,64017,심재민,3.0,4,0,0,1,0,0,0,1.0,15,48,3.0,5,1,0,0,0,0,1,0,2,1,0,2,1,0,2.0,0.357,0,140.0,0.521,0.526,0.915,3
LT,50596,홍민기,3.09,25,0,0,0,2,0,3,0.0,129,510,32.0,24,5,1,0,0,2,11,0,39,1,0,13,11,0,1.09,0.211,0,149.0,0.641,0.684,0.974,0
LT,55532,감보아,3.58,19,0,0,7,8,0,0,0.467,475,1866,108.0,97,16,0,6,6,5,49,0,117,5,0,54,43,0,1.35,0.236,11,151.0,0.64,0.623,0.987,0
LT,55536,데이비슨,3.65,22,0,0,10,5,0,0,0.667,529,2100,123.333,123,20,2,10,4,2,48,0,119,4,1,53,50,0,1.39,0.262,11,145.0,0.66,0.63,0.948,2
LT,68556,정성종,3.86,2,0,0,0,0,0,0,0.0,10,37,2.333,3,1,0,1,0,0,0,0,0,0,0,1,1,0,1.29,0.3,0,142.0,0.509,0.517,0.928,3
LT,67539,나균안,3.87,28,0,0,3,7,0,0,0.3,601,2328,137.333,143,23,3,13,7,5,50,0,116,3,0,67,59,0,1.41,0.268,9,143.0,0.698,0.648,0.935,2
LT,54537,정현수,3.97,82,0,0,2,0,0,12,1.0,203,851,47.667,34,9,0,4,3,3,26,0,47,2,0,23,21,0,1.26,0.201,0,140.0,1.0,0.964,0.915,1
LT,65522,김강현,4.0,67,0,0,2,2,0,4,0.5,306,1135,72.0,69,15,1,9,2,4,21,0,36,4,0,37,32,0,1.25,0.254,0,143.0,0.876,0.765,0.935,1
LT,51594,송재영,4.0,46,0,0,1,0,0,3,1.0,121,491,27.0,19,4,0,3,1,2,24,0,28,2,0,13,12,0,1.59,0.202,0,140.0,0.786,0.738,0.915,2
LT,68242,정철원,4.24,75,0,0,8,3,0,21,0.727,312,1169,70.0,72,13,1,4,3,5,28,2,55,5,0,34,33,6,1.43,0.268,0,146.0,0.941,0.853,0.954,1
LT,55566,김태현,4.5,1,0,0,0,0,0,0,0.0,12,51,2.0,1,0,0,0,0,1,4,0,2,0,0,2,1,0,2.5,0.143,0,142.0,0.507,0.515,0.928,3
LT,64021,박세웅,4.93,29,0,0,11,13,0,0,0.458,722,2694,160.667,183,46,1,15,8,4,54,0,156,14,1,99,88,0,1.48,0.282,12,145.0,0.71,0.665,0.948,2
LT,52530,이민석,5.26,20,0,0,2,5,0,0,0.286,417,1596,87.333,104,13,2,10,3,4,56,0,61,2,0,56,51,0,1.83,0.295,4,148.0,0.647,0.58,0.967,0
LT,50556,최준용,5.3,49,0,0,4,4,1,17,0.5,234,910,54.333,50,9,1,5,4,2,16,0,62,3,0,35,32,4,1.21,0.243,0,148.0,0.79,0.826,0.967,0
LT,52528,반즈,5.32,8,0,0,3,4,0,0,0.429,204,761,45.667,47,14,2,4,2,1,17,0,38,2,0,31,27,0,1.4,0.258,3,142.0,0.556,0.551,0.928,3
LT,69594,박진,5.32,51,0,0,3,3,1,3,0.5,302,1172,69.333,76,10,3,10,1,4,22,0,50,5,0,42,41,1,1.41,0.277,0,143.0,0.808,0.736,0.935,2
LT,51546,정우준,5.4,3,0,0,0,0,0,0,0.0,16,58,3.333,6,3,0,0,0,0,0,0,3,0,0,2,2,0,1.8,0.4,0,143.0,0.516,0.527,0.935,3
LT,62363,한현희,6.23,3,0,0,0,0,0,1,0.0,41,161,8.667,13,2,0,2,0,0,2,0,8,1,0,6,6,0,1.73,0.342,0,141.0,0.519,0.527,0.922,3
LT,76430,김상수,6.38,45,0,0,0,1,2,3,0.0,180,644,36.667,48,10,0,4,2,4,18,2,27,1,0,26,26,0,1.8,0.314,0,142.0,0.777,0.678,0.928,2
LT,63543,구승민,7.0,11,0,0,0,1,0,1,0.0,45,187,9.0,9,1,1,1,0,0,7,0,10,0,0,10,7,0,1.78,0.243,0,143.0,0.577,0.568,0.935,3
LT,67588,윤성빈,7.67,31,0,0,1,2,0,0,0.333,130,524,27.0,26,7,0,3,0,0,20,1,44,6,0,23,23,0,1.7,0.245,0,153.0,0.707,0.736,1.0,0
LT,54503,박준우,8.03,11,0,0,1,2,0,1,0.333,64,238,12.333,21,3,1,0,0,0,6,0,11,0,0,11,11,1,2.19,0.368,0,144.0,0.573,0.553,0.941,3
LT,55526,벨라스케즈,8.23,11,0,0,1,4,0,0,0.2,168,651,35.0,47,10,1,7,2,0,18,0,28,1,2,32,32,0,1.86,0.324,1,147.0,0.577,0.555,0.961,3
LT,63512,박진형,8.44,7,0,0,0,0,0,0,0.0,29,104,5.333,9,3,0,1,0,0,3,0,5,0,0,7,5,0,2.25,0.346,0,141.0,0.546,0.539,0.922,3
LT,55503,이영재,9.0,3,0,0,0,0,0,0,0.0,11,43,2.0,5,1,0,1,0,0,0,0,2,0,0,2,2,0,2.5,0.5,0,143.0,0.52,0.525,0.935,3
LT,51516,김진욱,10.0,14,0,0,1,3,0,0,0.25,136,544,27.0,42,6,0,10,2,1,16,0,24,0,0,32,30,2,2.15,0.365,1,142.0,0.6,0.564,0.928,3
LT,60559,박시영,11.05,11,0,0,1,0,0,0,1.0,42,169,7.333,9,4,0,0,0,0,9,0,10,0,0,9,9,0,2.45,0.29,0,142.0,0.585,0.563,0.928,3
LT,55568,박세현,14.73,3,0,0,0,0,0,0,0.0,21,65,3.667,8,5,0,1,0,0,1,0,4,0,0,6,6,0,2.45,0.421,0,144.0,0.517,0.525,0.941,3
SS,61365,김대우,0.0,2,0,0,0,0,0,1,0.0,3,16,0.667,1,1,0,0,0,0,0,0,0,0,0,0,0,0,1.5,0.333,0,129.0,0.513,0.516,0.843,3
SS,61268,양현,0.0,4,0,0,0,0,0,0,0.0,15,65,3.333,2,0,0,0,0,0,3,0,1,0,0,0,0,1,1.5,0.167,0,130.0,0.525,0.521,0.85,3
SS,63960,이상민,0.0,1,0,0,0,0,0,0,0.0,5,12,1.0,2,0,0,0,0,0,0,0,1,0,0,0,0,0,2.0,0.4,0,136.0,0.502,0.518,0.889,3
SS,63492,이재익,1.23,7,0,0,1,0,0,0,1.0,31,113,7.333,8,0,1,0,0,0,2,0,6,1,0,1,1,0,1.36,0.276,0,142.0,0.536,0.547,0.928,3
SS,77446,백정현,1.95,29,0,0,2,0,1,3,1.0,128,505,32.333,19,6,0,1,2,2,7,0,31,0,0,7,7,2,0.8,0.165,0,139.0,0.659,0.698,0.908,2
SS,53375,후라도,2.6,30,3,2,15,8,0,0,0.652,786,2921,197.333,177,17,3,17,5,1,36,0,142,3,0,65,57,0,1.08,0.239,23,145.0,0.707,0.663,0.948,2
SS,55460,가라비토,2.64,15,0,0,4,4,0,0,0.5,327,1356,78.333,56,5,0,6,4,0,37,1,84,2,0,31,23,0,1.19,0.2,4,149.0,0.608,0.603,0.974,0
SS,51460,이재희,3.0,11,0,0,0,2,0,4,0.0,39,157,9.0,7,1,1,0,0,0,5,0,9,0,0,3,3,0,1.33,0.206,0,145.0,0.565,0.573,0.948,3
SS,69446,원태인,3.24,27,0,0,12,4,0,0,0.75,671,2493,166.667,157,32,2,20,11,6,27,1,108,1,0,66,60,0,1.1,0.253,20,144.0,0.684,0.64,0.941,2
SS,68415,양창섭,3.43,33,0,0,3,3,0,2,0.5,276,969,63.0,67,10,0,3,3,4,19,1,45,4,0,29,24,0,1.37,0.278,0,144.0,0.689,0.659,0.941,2
SS,50464,이승민,3.78,62,0,0,3,2,0,8,0.6,280,1068,64.333,61,15,2,5,5,1,26,2,53,1,0,37,27,0,1.35,0.249,0,141.0,0.864,0.811,0.922,1
SS,55455,배찬승,3.91,65,0,0,2,3,0,19,0.4,233,962,50.667,50,11,0,3,4,0,34,1,57,5,0,25,22,2,1.66,0.259,0,150.0,0.925,0.858,0.98,0
SS,54443,레예스,4.14,10,0,0,4,3,0,0,0.571,215,844,50.0,51,7,1,5,3,4,12,0,35,0,0,26,23,0,1.26,0.264,2,143.0,0.569,0.559,0.935,3
SS,62360,김태훈,4.48,73,0,0,2,6,2,19,0.25,287,1122,66.333,66,13,0,8,1,3,26,3,74,4,0,34,33,5,1.39,0.259,0,142.0,0.932,0.946,0.928,1
SS,73801,송은범,4.5,5,0,0,0,0,0,0,0.0,28,93,6.0,9,2,0,0,1,0,3,0,2,3,0,3,3,0,2.0,0.375,0,138.0,0.526,0.521,0.902,3
SS,50430,홍원표,4.5,2,0,0,0,1,0,0,0.0,12,40,2.0,3,0,0,0,1,1,2,1,1,0,0,1,1,0,2.5,0.429,0,134.0,0.512,0.515,0.876,3
SS,78352,임창민,4.85,16,0,0,1,0,0,2,1.0,63,263,13.0,17,2,0,5,1,1,7,1,6,0,0,8,7,1,1.85,0.321,0,139.0,0.61,0.552,0.908,3
SS,65320,최원태,4.92,27,0,0,8,7,0,0,0.533,552,2137,124.333,128,21,0,13,10,7,51,1,109,9,0,72,68,0,1.44,0.271,8,145.0,0.691,0.645,0.948,2
SS,65062,김재윤,4.99,63,0,0,4,7,13,3,0.364,242,938,57.667,57,12,2,10,2,1,13,3,43,1,0,34,32,3,1.21,0.253,0,143.0,0.86,0.819,0.935,1
SS,54401,김대호,5.14,11,0,0,0,1,0,0,0.0,105,392,21.0,25,6,0,3,1,2,15,0,19,1,0,13,12,0,1.9,0.291,0,142.0,0.573,0.557,0.928,3
SS,54404,육선엽,5.34,27,0,0,0,1,0,1,0.0,133,564,28.667,23,3,0,4,3,0,24,0,19,2,0,21,17,0,1.64,0.217,0,144.0,0.683,0.604,0.941,2
SS,51454,이승현,5.42,25,0,0,4,9,0,0,0.308,471,1840,101.333,121,23,2,10,7,3,46,0,74,2,0,64,61,0,1.65,0.298,2,139.0,0.68,0.611,0.908,2
SS,60146,이승현,6.31,42,0,0,2,1,0,11,0.667,161,648,35.667,43,7,0,9,6,1,11,1,29,1,0,26,25,1,1.51,0.303,0,141.0,0.764,0.705,0.922,2
SS,53455,이호성,6.34,58,0,0,7,4,9,3,0.636,252,1032,55.333,54,7,2,7,3,4,29,0,69,0,1,44,39,4,1.5,0.252,0,146.0,0.876,0.871,0.954,1
SS,50441,황동재,6.97,15,0,0,0,1,0,0,0.0,104,403,20.667,27,2,0,1,0,1,14,0,22,3,0,16,16,0,1.98,0.31,0,143.0,0.602,0.581,0.935,3
SS,75421,오승환,8.0,12,0,0,0,0,0,0,0.0,45,173,9.0,15,5,0,1,0,1,3,0,7,1,0,8,8,0,2.0,0.366,0,142.0,0.578,0.557,0.928,3
SS,62146,최성훈,9.0,2,0,0,0,0,0,0,0.0,5,20,1.0,1,0,0,0,0,0,1,0,1,0,0,1,1,0,2.0,0.25,0,136.0,0.511,0.521,0.889,3
SS,54467,정민성,36.0,1,0,0,0,1,0,0,0.0,7,23,1.0,3,2,1,0,0,0,0,0,0,1,0,4,4,0,3.0,0.6,0,142.0,0.506,0.512,0.928,3
SS,66451,최충연,37.8,4,0,0,0,0,0,0,0.0,15,60,1.667,7,1,0,1,0,0,2,0,1,0,0,8,7,0,5.4,0.583,0,139.0,0.546,0.5,0.908,3
SK,50848,김성민,0.0,2,0,0,1,0,0,0,1.0,4,22,0.667,0,0,0,0,0,0,2,0,0,1,0,0,0,0,3.0,0.0,0,149.0,0.519,0.506,0.974,0
SK,55860,신지환,0.0,1,0,0,0,0,0,0,0.0,4,18,1.0,0,0,0,0,0,0,0,0,1,0,0,0,0,0,0.0,0.0,0,140.0,0.504,0.521,0.915,3
SK,51897,조병현,1.6,69,0,0,5,4,30,0,0.556,255,1088,67.333,42,7,0,5,1,1,18,2,79,1,0,13,12,2,0.89,0.179,0,146.0,0.889,1.0,0.954,1
SK,53892,이로운,1.99,75,0,0,6,5,1,33,0.545,305,1261,77.0,56,4,1,7,4,3,26,5,66,2,0,19,17,1,1.06,0.206,0,147.0,0.931,0.922,0.961,1
SK,73211,노경은,2.14,77,0,0,3,6,3,35,0.333,320,1177,80.0,60,10,0,2,9,4,25,5,68,3,0,22,19,6,1.06,0.215,0,145.0,0.905,0.933,0.948,1
SK,54833,앤더슨,2.25,30,0,0,12,7,0,0,0.632,694,2792,171.667,121,17,1,13,3,3,51,1,245,10,0,53,43,0,1.0,0.193,17,152.0,0.712,0.749,0.993,0
SK,65343,김택형,2.78,25,0,0,0,0,0,1,0.0,95,371,22.667,19,6,0,0,1,0,10,0,14,2,0,7,7,0,1.28,0.235,0,140.0,0.642,0.615,0.915,3
SK,55855,화이트,2.87,24,1,0,11,4,0,0,0.733,562,2165,134.667,111,17,2,9,4,3,44,1,137,6,0,51,43,0,1.15,0.221,12,150.0,0.668,0.656,0.98,0
SK,68043,김민,2.97,70,0,0,5,2,1,22,0.714,266,944,63.667,60,7,0,7,4,0,17,2,65,4,0,23,21,4,1.21,0.251,0,145.0,0.869,0.929,0.948,1
SK,54802,박기호,3.0,18,0,0,0,0,0,2,0.0,110,451,24.0,23,2,0,3,3,1,12,1,13,2,0,10,8,0,1.46,0.267,0,137.0,0.618,0.575,0.895,3
SK,50812,박시후,3.27,52,0,0,6,2,0,3,0.75,231,930,52.333,45,3,0,5,3,1,29,1,34,0,1,24,19,0,1.41,0.233,0,141.0,0.823,0.715,0.922,2
SK,51867,김건우,3.82,35,0,0,5,4,0,2,0.556,301,1241,66.0,53,14,0,2,2,2,49,1,68,4,0,31,28,0,1.55,0.22,0,145.0,0.737,0.69,0.948,2
SK,68856,최민준,3.97,40,0,0,2,2,0,1,0.5,287,1172,65.667,72,7,0,6,7,4,24,0,44,3,0,34,29,0,1.46,0.289,0,142.0,0.756,0.675,0.928,2
SK,52809,전영준,4.61,34,0,0,1,5,0,0,0.167,228,993,52.667,48,9,0,5,3,1,26,1,55,3,0,28,27,0,1.41,0.249,0,142.0,0.726,0.701,0.928,2
SK,68092,한두솔,4.95,44,0,0,2,0,1,3,1.0,169,649,36.333,46,5,0,1,2,2,19,1,27,1,0,22,20,1,1.79,0.317,0,144.0,0.773,0.675,0.941,2
SK,77829,김광현,5.0,28,0,0,10,10,0,0,0.5,636,2453,144.0,164,28,1,13,5,3,50,1,138,6,0,86,80,0,1.49,0.286,9,143.0,0.701,0.658,0.935,2
SK,62869,문승원,5.13,23,0,0,4,7,0,0,0.364,452,1783,105.333,109,23,3,16,6,4,38,0,61,4,0,61,60,0,1.4,0.273,5,144.0,0.66,0.6,0.941,2
SK,53898,송영진,5.83,21,0,0,2,5,0,0,0.286,288,1070,63.333,77,5,1,10,3,4,31,1,40,2,0,45,41,0,1.71,0.312,1,143.0,0.636,0.584,0.935,3
SK,54803,최현석,6.23,13,0,0,0,0,0,0,0.0,77,290,17.333,21,2,0,5,0,0,6,0,11,1,0,13,12,0,1.56,0.304,0,144.0,0.576,0.562,0.941,3
SK,61895,서진용,6.75,2,0,0,0,0,0,0,0.0,7,27,1.333,1,0,0,0,0,0,3,0,0,0,0,1,1,0,3.0,0.25,0,137.0,0.512,0.508,0.895,3
SK,60841,박종훈,7.11,5,0,0,0,2,0,0,0.0,90,370,19.0,15,1,0,4,1,1,18,0,10,0,0,17,15,0,1.74,0.231,1,132.0,0.536,0.526,0.863,3
SK,66858,정동윤,8.31,12,0,0,0,0,0,0,0.0,82,317,17.333,21,6,0,2,1,1,12,0,17,1,0,16,16,0,1.9,0.309,0,143.0,0.577,0.565,0.935,3
NC,54944,데이비슨,0.0,1,0,0,0,0,0,0,0.0,1,2,0.333,0,0,0,0,0,0,0,0,0,0,0,0,0,0,0.0,0.0,0,,0.5,0.517,,3
NC,65933,구창모,2.51,4,0,0,1,0,0,0,1.0,59,250,14.333,14,3,0,1,0,0,3,0,18,1,0,4,4,0,1.19,0.25,0,141.0,0.525,0.541,0.922,3
NC,68900,김영규,2.86,45,0,0,4,3,0,21,0.571,189,762,44.0,40,4,0,3,5,5,18,4,35,6,0,17,14,1,1.32,0.253,0,143.0,0.772,0.727,0.935,2
NC,65949,류진욱,3.27,62,0,0,4,3,29,0,0.571,275,1061,66.0,50,7,1,6,2,1,28,3,57,5,0,27,24,1,1.18,0.21,0,146.0,0.853,0.837,0.954,1
NC,67954,김진호,3.36,76,0,0,4,3,6,20,0.571,316,1303,72.333,53,12,1,5,2,1,45,1,70,9,1,30,27,5,1.35,0.205,0,145.0,0.977,0.909,0.948,1
NC,55903,라일리,3.45,30,0,0,17,7,0,0,0.708,709,2916,172.0,136,25,2,18,4,4,56,0,216,5,0,76,66,0,1.12,0.212,16,148.0,0.719,0.722,0.967,0
NC,52902,임지민,3.86,7,0,0,0,1,0,1,0.0,20,84,4.667,1,0,0,0,0,1,5,0,7,0,0,2,2,1,1.29,0.071,0,152.0,0.541,0.562,0.993,0
NC,69969,전사민,4.26,74,0,0,7,7,2,13,0.5,370,1341,82.333,86,12,2,3,8,3,33,4,62,7,0,45,39,4,1.45,0.273,0,147.0,0.931,0.837,0.961,1
NC,54904,손주환,4.35,52,0,0,6,1,0,7,0.857,224,807,51.667,53,5,0,5,1,2,19,0,37,0,0,29,25,0,1.39,0.264,0,146.0,0.789,0.739,0.954,2
NC,64995,배재환,4.48,70,0,0,2,4,2,24,0.333,271,1117,60.333,48,6,1,3,6,0,37,4,51,6,0,36,30,3,1.41,0.221,0,145.0,0.949,0.838,0.948,1
NC,55912,로건,4.53,32,0,0,7,12,0,0,0.368,770,3037,173.0,180,30,2,18,3,5,67,3,149,6,0,98,87,0,1.43,0.263,16,144.0,0.738,0.668,0.941,2
NC,68902,신민혁,4.77,28,1,0,6,3,0,0,0.667,568,2292,132.0,148,18,2,23,4,5,26,1,84,3,0,76,70,0,1.32,0.281,5,137.0,0.7,0.633,0.895,2
NC,63959,임정호,4.82,31,0,0,1,1,0,4,0.5,88,336,18.667,18,3,1,3,3,1,9,1,15,1,0,13,10,2,1.45,0.254,0,134.0,0.691,0.653,0.876,2
NC,55995,김태훈,5.21,18,0,0,0,0,0,0,0.0,94,356,19.0,17,2,0,4,1,0,16,0,9,5,0,15,11,0,1.74,0.224,0,147.0,0.617,0.557,0.961,3
NC,67962,소이현,5.63,7,0,0,0,0,0,0,0.0,36,140,8.0,5,1,0,0,1,1,7,0,3,2,0,5,5,0,1.5,0.192,0,140.0,0.541,0.53,0.915,3
NC,53973,목지훈,6.05,16,0,0,3,5,0,0,0.375,280,1115,58.0,68,8,3,6,2,3,42,1,45,9,2,42,39,0,1.9,0.298,1,143.0,0.618,0.569,0.935,3
NC,64580,김재열,6.23,22,0,0,0,0,0,2,0.0,111,402,21.667,32,6,1,5,2,2,16,1,16,2,0,16,15,0,2.22,0.356,0,142.0,0.643,0.575,0.928,3
NC,66920,최성영,6.23,35,0,0,2,2,0,4,0.5,228,921,47.667,62,13,2,6,4,5,28,1,33,2,1,33,33,0,1.89,0.33,0,137.0,0.738,0.628,0.895,2
NC,52995,김녹원,6.56,21,0,0,3,4,0,1,0.429,327,1290,70.0,75,13,1,10,5,1,47,0,37,4,0,53,51,0,1.74,0.277,0,145.0,0.648,0.571,0.948,3
NC,68639,하준영,6.75,10,0,0,1,1,0,1,0.5,33,126,5.333,10,4,0,0,0,0,7,1,5,0,0,4,4,0,3.19,0.385,0,142.0,0.579,0.529,0.928,3
NC,52903,조민석,6.92,6,0,0,0,1,0,0,0.0,61,258,13.0,12,2,0,3,0,0,11,0,4,2,0,10,10,0,1.77,0.25,0,139.0,0.541,0.523,0.908,3
NC,52992,이준혁,7.3,25,0,0,1,3,0,0,0.25,170,699,37.0,43,7,1,8,2,1,20,2,30,4,0,33,30,0,1.7,0.305,0,144.0,0.666,0.615,0.941,2
NC,53919,신영우,7.53,8,0,0,1,3,0,0,0.25,68,307,14.333,8,2,0,2,1,2,16,0,19,4,0,13,12,0,1.67,0.174,0,149.0,0.559,0.559,0.974,0
NC,54913,김민규,7.71,7,0,0,0,0,0,1,0.0,23,96,4.667,5,2,0,0,0,1,4,1,2,0,0,4,4,0,1.93,0.278,0,140.0,0.547,0.526,0.915,3
NC,54903,최우석,8.16,12,0,0,0,0,0,0,0.0,75,282,14.333,23,5,0,1,1,1,9,0,15,5,0,16,13,0,2.23,0.359,0,145.0,0.582,0.562,0.948,3
NC,66965,도태훈,9.0,1,0,0,0,0,0,0,0.0,6,16,1.0,3,0,0,1,0,0,0,0,1,0,0,1,1,0,3.0,0.5,0,,0.504,0.516,,3
NC,77211,이용찬,10.57,12,0,0,1,2,0,1,0.333,83,334,15.333,23,4,0,1,0,1,12,1,14,2,0,18,18,1,2.28,0.348,0,141.0,0.59,0.553,0.922,3
NC,50992,김태경,10.64,6,0,0,0,0,0,1,0.0,62,266,11.0,18,3,0,4,2,0,9,1,10,1,0,20,13,0,2.45,0.367,0,137.0,0.549,0.531,0.895,3
NC,67956,김태현,12.0,5,0,0,0,0,0,1,0.0,17,69,3.0,5,1,0,2,0,0,3,0,2,1,0,4,4,0,2.67,0.417,0,138.0,0.537,0.521,0.902,3
NC,54900,임상현,18.0,1,0,0,0,0,0,0,0.0,8,34,1.0,2,1,0,0,0,0,3,0,0,0,0,2,2,0,5.0,0.4,0,143.0,0.509,0.506,0.935,3
OB,55221,김한중,0.0,2,0,0,0,0,0,0,0.0,8,25,2.0,1,1,0,0,0,0,0,0,0,0,0,1,0,0,0.5,0.125,0,145.0,0.507,0.519,0.948,3
OB,69205,이교훈,1.17,10,0,0,1,0,0,0,1.0,29,125,7.667,4,1,0,0,1,0,4,0,7,2,0,2,1,0,1.04,0.174,0,143.0,0.554,0.569,0.935,3
OB,55239,잭로그,2.81,30,0,0,10,8,0,1,0.556,722,2698,176.0,146,25,4,8,11,2,39,0,156,4,0,66,55,0,1.05,0.224,17,144.0,0.705,0.684,0.941,2
OB,68249,박신지,2.85,54,0,0,2,4,0,5,0.333,264,1008,60.0,55,15,3,3,2,3,29,6,36,8,0,24,19,1,1.4,0.244,0,145.0,0.821,0.717,0.948,2
OB,54263,김택연,3.53,64,0,0,4,5,24,0,0.444,281,1151,66.333,47,6,0,6,4,1,31,2,79,5,0,31,26,9,1.18,0.196,0,149.0,0.889,0.93,0.974,0
OB,67266,박치국,3.75,73,0,0,4,4,2,16,0.5,271,1045,62.333,58,15,0,4,5,1,21,1,57,0,0,35,26,4,1.27,0.245,0,145.0,0.928,0.905,0.948,1
OB,68830,김정우,3.86,18,0,0,0,0,1,1,0.0,103,396,21.0,26,4,0,1,3,2,9,0,13,1,0,12,9,0,1.67,0.302,0,145.0,0.618,0.575,0.948,3
OB,66291,이영하,4.05,73,0,0,4,4,0,14,0.5,299,1136,66.667,63,10,0,4,5,1,39,2,72,7,0,33,30,5,1.53,0.254,0,149.0,0.937,0.908,0.974,0
OB,65639,박정수,4.1,29,0,0,1,0,0,3,1.0,119,418,26.333,31,3,1,1,3,2,8,1,15,1,0,13,12,0,1.48,0.304,0,139.0,0.662,0.619,0.908,2
OB,68220,곽빈,4.2,19,0,0,5,7,0,0,0.417,465,1804,109.333,96,23,3,9,2,6,41,0,107,5,0,55,51,0,1.25,0.232,7,150.0,0.636,0.62,0.98,0
OB,55215,양재훈,4.24,19,0,0,0,0,1,0,0.0,93,380,23.333,19,4,0,3,0,1,8,0,19,0,0,11,11,0,1.16,0.226,0,144.0,0.608,0.61,0.941,3
OB,55268,최민석,4.4,17,0,0,3,3,0,0,0.5,333,1342,77.667,72,15,1,7,3,1,34,1,53,5,1,41,38,0,1.36,0.248,4,142.0,0.619,0.584,0.928,3
OB,51264,최승용,4.41,23,0,0,5,7,0,0,0.417,507,1958,116.333,121,20,4,8,5,3,36,0,71,4,0,60,57,0,1.35,0.265,9,142.0,0.663,0.606,0.928,2
OB,55257,콜어빈,4.48,28,0,0,8,12,0,0,0.4,649,2593,144.667,142,26,3,9,14,8,79,1,128,6,0,80,72,0,1.53,0.268,10,145.0,0.709,0.643,0.948,2
OB,55267,홍민규,4.59,20,0,0,2,1,1,0,0.667,151,571,33.333,37,6,0,4,0,3,15,0,17,4,0,19,17,0,1.56,0.28,0,142.0,0.623,0.577,0.928,3
OB,68200,김민규,4.66,7,0,0,1,1,0,0,0.5,47,199,9.667,9,3,0,1,0,4,6,0,6,0,0,5,5,0,1.55,0.273,0,142.0,0.549,0.537,0.928,3
OB,67263,최원준,4.71,47,0,0,4,7,0,9,0.364,456,1852,107.0,105,17,2,18,4,3,38,2,62,4,0,59,56,2,1.34,0.258,5,141.0,0.802,0.696,0.922,2
OB,50211,제환유,4.96,6,0,0,0,1,0,0,0.0,78,304,16.333,17,1,0,2,1,1,12,1,8,0,0,10,9,0,1.78,0.27,0,144.0,0.54,0.528,0.941,3
OB,67246,김명신,5.4,8,0,0,0,0,0,0,0.0,43,202,8.333,13,3,1,0,0,1,3,0,6,1,0,8,5,0,1.92,0.342,0,142.0,0.564,0.541,0.928,3
OB,50206,최종인,5.4,3,0,0,0,0,0,0,0.0,9,46,1.667,1,0,0,0,0,0,3,0,5,2,0,1,1,0,2.4,0.167,0,144.0,0.525,0.545,0.941,3
OB,61643,홍건희,6.19,20,0,0,2,1,0,0,0.667,83,341,16.0,18,1,0,2,2,0,15,1,15,0,0,13,11,0,2.06,0.273,0,144.0,0.645,0.587,0.941,3
OB,52204,이병헌,6.23,22,0,0,0,0,0,4,0.0,56,216,13.0,11,1,0,1,0,1,10,2,9,0,0,9,9,0,1.62,0.244,0,144.0,0.625,0.591,0.941,3
OB,52206,최지강,6.34,39,0,0,2,5,0,5,0.286,149,582,32.667,41,5,0,3,3,0,13,1,38,3,0,25,23,4,1.65,0.313,0,146.0,0.741,0.735,0.954,2
OB,68269,김호준,6.75,19,0,0,0,1,0,1,0.0,54,218,10.667,14,3,0,2,0,0,7,1,7,1,0,11,8,1,1.97,0.298,0,144.0,0.631,0.569,0.941,3
OB,52202,윤태호,6.75,10,0,0,0,1,0,1,0.0,73,287,17.333,16,6,0,2,2,1,5,0,16,2,0,14,13,0,1.21,0.246,0,148.0,0.558,0.568,0.967,0
OB,72523,고효준,6.86,45,0,0,2,1,0,9,0.667,104,441,21.0,29,2,1,4,2,1,14,1,19,4,0,16,16,3,2.05,0.337,0,144.0,0.819,0.684,0.941,2
OB,53259,최준호,8.44,9,0,0,1,2,0,0,0.333,74,305,16.0,18,5,0,4,0,1,9,0,11,2,0,15,15,0,1.69,0.29,0,144.0,0.56,0.545,0.941,3
OB,53262,김유성,8.83,7,0,0,0,2,0,0,0.0,85,385,17.333,17,2,0,3,0,0,14,0,22,1,0,17,17,0,1.79,0.254,0,147.0,0.554,0.552,0.961,3
HT,54608,김민재,0.0,1,0,0,0,0,0,0,0.0,8,21,2.0,2,0,0,0,0,0,0,0,1,0,0,0,0,0,1.0,0.25,0,143.0,0.502,0.517,0.935,3
HT,50604,유지성,0.0,1,0,0,0,0,0,0,0.0,3,10,1.0,0,0,0,0,0,0,0,0,0,0,0,0,0,0,0.0,0.0,0,141.0,0.501,0.517,0.922,3
HT,54610,성영탁,1.55,45,0,0,3,2,0,7,0.6,198,753,52.333,38,6,0,2,2,1,13,0,30,1,0,11,9,0,0.97,0.209,0,142.0,0.732,0.717,0.928,2
HT,54640,네일,2.25,27,0,0,8,4,0,0,0.667,664,2521,164.333,135,18,1,6,7,2,41,0,152,4,0,46,41,0,1.07,0.225,19,147.0,0.686,0.669,0.961,2
HT,69516,김현수,2.45,18,0,0,0,0,0,0,0.0,86,309,18.333,17,3,1,2,1,1,13,5,11,2,0,5,5,0,1.64,0.243,0,141.0,0.606,0.571,0.922,3
HT,69620,김기훈,3.25,24,0,0,1,1,0,0,0.5,117,464,27.667,25,8,1,2,1,3,10,0,27,2,0,11,10,0,1.27,0.245,0,141.0,0.641,0.647,0.922,3
HT,66609,전상현,3.34,74,0,0,7,5,1,25,0.583,290,1048,70.0,64,15,0,4,1,3,20,3,50,3,0,30,26,7,1.2,0.242,0,142.0,0.894,0.862,0.928,1
HT,55633,올러,3.62,26,1,0,11,7,0,0,0.611,620,2490,149.0,125,25,3,8,5,6,47,0,169,2,0,64,60,0,1.15,0.226,16,148.0,0.688,0.68,0.967,0
HT,50662,정해영,3.79,60,0,0,3,7,27,0,0.3,275,1117,61.667,75,13,0,4,1,2,18,1,72,1,0,30,26,7,1.51,0.299,0,146.0,0.88,0.875,0.954,1
HT,63342,조상우,3.9,72,0,0,6,6,1,28,0.5,271,1113,60.0,64,15,0,5,6,1,27,3,55,2,0,29,26,3,1.52,0.277,0,144.0,0.962,0.865,0.941,1
HT,68619,윤중현,4.35,13,0,0,1,0,0,0,1.0,48,159,10.333,10,4,0,2,1,0,7,2,7,1,0,5,5,0,1.65,0.25,0,141.0,0.569,0.559,0.922,3
HT,67640,유승철,4.5,1,0,0,0,0,0,0,0.0,11,40,2.0,3,0,0,0,0,0,2,0,3,1,0,1,1,0,2.5,0.333,0,140.0,0.505,0.518,0.915,3
HT,55610,김태형,4.56,8,0,0,0,3,0,0,0.0,107,422,23.667,25,4,0,4,3,0,7,0,14,1,1,12,12,0,1.35,0.272,0,146.0,0.553,0.545,0.954,3
HT,65665,이준영,4.76,57,0,0,3,1,0,7,0.75,145,569,34.0,36,10,0,6,1,0,11,2,34,1,0,18,18,1,1.38,0.273,0,141.0,0.828,0.828,0.922,1
HT,69745,김도현,4.81,24,0,0,4,7,0,0,0.364,561,2068,125.333,149,28,4,11,7,7,33,0,71,5,1,79,67,0,1.45,0.296,9,144.0,0.669,0.602,0.941,2
HT,77637,양현종,5.06,30,0,0,7,9,0,0,0.438,677,2497,153.0,171,23,4,12,8,8,57,1,109,10,0,101,86,0,1.49,0.285,11,139.0,0.709,0.638,0.908,2
HT,52641,황동하,5.3,18,0,0,1,2,0,0,0.333,155,576,35.667,38,14,1,4,3,2,10,0,31,0,0,21,21,1,1.35,0.277,0,142.0,0.607,0.605,0.928,3
HT,53613,윤영철,5.58,13,0,0,2,7,0,0,0.222,227,888,50.0,52,7,0,4,1,2,30,0,43,4,0,37,31,0,1.64,0.269,1,138.0,0.59,0.569,0.902,3
HT,50641,장재혁,6.0,3,0,0,0,0,0,0,0.0,13,63,3.0,3,0,0,1,0,0,3,0,2,0,0,2,2,0,2.0,0.3,0,145.0,0.519,0.521,0.948,3
HT,51994,한재승,6.48,36,0,0,1,1,1,1,0.5,161,685,33.333,40,4,0,5,1,2,31,0,35,4,0,29,24,0,2.13,0.317,0,146.0,0.754,0.659,0.954,2
HT,52639,최지민,6.58,66,0,0,2,4,0,9,0.333,253,1042,53.333,46,7,1,5,2,3,51,0,39,4,0,40,39,0,1.82,0.238,0,144.0,0.944,0.728,0.941,2
HT,76225,김건국,6.85,26,0,0,0,3,0,1,0.0,216,841,46.0,59,9,0,11,1,3,17,0,31,3,0,38,35,1,1.65,0.311,0,145.0,0.671,0.611,0.948,2
HT,53615,이도현,6.92,6,0,0,1,1,0,0,0.5,65,242,13.0,17,5,0,1,0,1,8,0,9,1,0,11,10,0,1.92,0.309,0,142.0,0.539,0.532,0.928,3
HT,51648,이의리,7.94,10,0,0,1,4,0,0,0.2,193,784,39.667,41,9,3,6,3,2,31,0,42,1,0,37,35,0,1.82,0.266,2,147.0,0.576,0.56,0.961,3
HT,68928,김시훈,8.06,24,0,0,1,0,0,1,1.0,118,439,25.667,33,6,0,7,0,1,10,1,18,0,0,25,23,0,1.68,0.308,0,139.0,0.644,0.604,0.908,3
HT,55663,이호민,8.59,13,0,0,1,0,0,0,1.0,72,259,14.667,21,5,0,0,2,1,9,1,7,0,0,14,14,0,2.05,0.362,0,138.0,0.58,0.541,0.902,3
HT,60337,김대유,9.72,15,0,0,0,1,0,1,0.0,42,140,8.333,12,1,0,1,0,1,4,0,3,0,0,9,9,0,1.92,0.324,0,136.0,0.586,0.543,0.889,3
HT,62951,이형범,11.7,12,0,0,0,0,0,0,0.0,56,209,10.0,21,6,1,0,1,2,5,1,6,0,0,16,13,0,2.6,0.438,0,141.0,0.585,0.535,0.922,3
HT,54645,김민주,12.0,3,0,0,0,0,0,0,0.0,17,54,3.0,4,1,1,0,0,1,2,0,2,0,0,4,4,0,2.0,0.333,0,138.0,0.517,0.522,0.902,3
HT,62754,임기영,13.0,10,0,0,1,1,0,0,0.5,52,176,9.0,23,4,0,2,1,0,4,0,5,0,0,13,13,0,3.0,0.489,0,135.0,0.567,0.523,0.882,3
HT,53609,곽도규,13.5,9,0,0,0,0,0,3,0.0,22,99,4.0,3,0,0,0,0,0,6,0,5,1,0,6,6,1,2.25,0.214,0,140.0,0.573,0.551,0.915,3
HT,55632,이성원,16.88,4,0,0,0,0,0,0,0.0,19,71,2.667,3,1,0,0,0,0,4,0,3,0,0,7,5,0,2.63,0.25,0,145.0,0.534,0.525,0.948,3
HT,55646,김정엽,18.0,2,0,0,0,0,0,0,0.0,5,21,1.0,0,0,0,0,0,0,1,0,0,0,0,2,2,0,1.0,0.0,0,146.0,0.512,0.516,0.954,3
HT,69643,홍원빈,27.0,2,0,0,0,0,0,0,0.0,11,36,1.667,2,0,0,0,0,1,4,0,1,2,0,5,5,0,3.6,0.333,0,147.0,0.513,0.51,0.961,3
KT,50650,최용준,2.0,7,0,0,1,0,0,0,1.0,39,128,9.0,13,1,0,0,0,0,2,1,5,0,0,2,2,0,1.67,0.351,0,143.0,0.535,0.536,0.935,3
KT,73117,우규민,2.44,53,0,0,1,2,0,9,0.333,185,665,44.333,45,6,0,2,4,0,3,1,24,0,0,12,12,1,1.08,0.259,0,135.0,0.781,0.745,0.882,2
KT,69054,이상동,2.49,41,0,0,3,0,0,5,1.0,168,656,43.333,31,6,0,4,2,2,9,1,34,1,0,12,12,1,0.92,0.203,0,144.0,0.719,0.738,0.941,2
KT,55046,박건우,2.7,6,0,0,0,0,0,0,0.0,28,117,6.667,4,0,0,1,0,0,4,0,9,0,0,2,2,0,1.2,0.167,0,140.0,0.535,0.555,0.915,3
KT,55032,패트릭,3.12,15,0,0,3,3,0,2,0.5,267,992,60.667,63,10,2,2,1,0,21,0,45,5,0,26,21,0,1.38,0.259,2,148.0,0.599,0.58,0.967,0
KT,67419,문용익,3.14,20,0,0,1,0,0,0,1.0,121,528,28.667,21,7,0,3,2,1,19,1,31,0,0,11,10,0,1.4,0.212,0,145.0,0.629,0.624,0.948,3
KT,64001,고영표,3.3,29,1,1,11,8,0,0,0.579,685,2525,161.0,170,31,2,10,7,7,30,2,154,4,1,70,59,0,1.24,0.272,20,131.0,0.699,0.678,0.856,2
KT,50030,소형준,3.3,26,0,0,10,7,1,0,0.588,617,2209,147.333,155,24,3,6,6,1,29,1,123,4,0,60,54,0,1.25,0.268,18,147.0,0.674,0.648,0.961,2
KT,52060,박영현,3.39,67,0,0,5,6,35,1,0.455,305,1228,69.0,68,10,1,9,4,1,34,4,77,6,1,31,26,7,1.48,0.258,0,145.0,0.918,0.895,0.948,1
KT,50859,오원석,3.67,25,0,0,11,8,0,0,0.579,565,2187,132.333,130,25,1,10,7,4,52,1,113,5,0,60,54,0,1.38,0.261,12,141.0,0.676,0.635,0.922,2
KT,69041,손동현,3.84,58,0,0,5,0,1,13,1.0,257,938,58.667,66,16,1,6,4,1,12,3,55,4,0,30,25,2,1.33,0.278,0,142.0,0.829,0.83,0.928,1
KT,69047,전용주,3.95,21,0,0,0,1,0,4,0.0,66,257,13.667,18,4,0,0,0,1,7,1,11,3,0,8,6,0,1.83,0.31,0,,0.634,0.594,,3
KT,54354,헤이수스,3.96,32,0,0,9,9,0,1,0.5,712,2716,163.667,173,22,2,17,8,3,44,0,165,7,2,85,72,0,1.33,0.267,15,148.0,0.725,0.695,0.967,0
KT,65060,주권,4.43,34,0,0,0,1,0,0,0.0,176,634,40.667,48,2,0,3,3,1,13,1,19,0,1,23,20,1,1.5,0.302,0,141.0,0.69,0.622,0.922,2
KT,65048,김민수,4.96,58,0,0,4,3,0,11,0.571,230,817,52.667,63,11,2,5,2,4,15,1,36,5,0,31,29,1,1.48,0.303,0,141.0,0.819,0.753,0.922,1
KT,69113,임준형,5.19,10,0,0,0,0,0,0,0.0,42,179,8.667,11,1,0,0,1,0,7,0,6,1,0,7,5,0,2.08,0.333,0,141.0,0.569,0.541,0.922,3
KT,54063,원상현,5.21,52,0,0,0,3,0,14,0.0,259,1009,57.0,56,10,0,8,2,3,35,3,45,4,0,35,33,0,1.6,0.257,0,145.0,0.824,0.727,0.948,2
KT,64768,조이현,5.4,3,0,0,1,2,0,0,0.333,50,173,11.667,17,2,1,2,0,0,0,0,3,0,0,7,7,0,1.46,0.347,0,136.0,0.516,0.521,0.889,3
KT,69032,쿠에바스,5.4,18,0,0,3,10,0,0,0.231,445,1663,98.333,104,14,2,13,4,2,46,0,60,4,1,69,59,0,1.53,0.268,7,144.0,0.63,0.578,0.941,3
KT,65516,배제성,5.67,8,0,0,2,3,0,0,0.4,127,514,27.0,38,5,1,2,1,0,11,1,23,1,0,17,17,0,1.81,0.33,0,144.0,0.557,0.546,0.941,3
KT,68896,이채호,6.17,10,0,0,0,0,0,0,0.0,53,195,11.667,12,3,2,1,1,3,5,1,8,0,0,8,8,0,1.46,0.286,0,141.0,0.558,0.554,0.922,3
KT,79140,최동환,8.68,20,0,0,1,1,0,0,0.5,91,326,18.667,27,5,1,4,0,1,12,2,9,0,0,19,18,0,2.09,0.351,0,140.0,0.622,0.554,0.915,3
KT,55043,김재원,10.38,4,0,0,0,0,0,0,0.0,24,99,4.333,3,1,0,0,0,1,8,0,4,3,0,5,5,0,2.54,0.214,0,143.0,0.529,0.521,0.935,3
KT,55040,김동현,13.5,3,0,0,0,0,0,0,0.0,19,66,3.333,7,0,0,2,0,0,3,0,4,3,0,5,5,0,3.0,0.438,0,144.0,0.519,0.523,0.941,3
KT,51058,한차현,16.2,2,0,0,0,0,0,0,0.0,11,40,1.667,4,0,0,0,0,0,2,0,1,1,0,3,3,0,3.6,0.444,0,145.0,0.514,0.512,0.948,3
KT,67048,이정현,16.62,6,0,0,0,0,0,0,0.0,27,100,4.333,9,3,0,0,0,1,4,0,3,0,0,8,8,0,3.0,0.429,0,144.0,0.546,0.52,0.941,3
KT,68050,강백호,18.0,1,0,0,0,0,0,0,0.0,7,25,1.0,3,1,0,1,0,0,1,0,1,0,0,2,2,0,4.0,0.5,0,,0.506,0.514,,3
KT,53006,강건,24.55,2,0,0,0,1,0,0,0.0,26,104,3.667,7,2,0,1,2,2,7,0,1,0,0,10,10,0,3.82,0.5,0,141.0,0.518,0.508,0.922,3
WO,52330,주승우,2.45,42,0,0,2,2,16,5,0.5,179,713,44.0,35,1,0,7,2,0,17,0,35,1,0,13,12,4,1.18,0.222,0,147.0,0.739,0.722,0.961,2
WO,55348,웰스,3.15,4,0,0,1,1,0,0,0.5,85,329,20.0,18,3,0,0,0,1,6,0,16,0,0,8,7,0,1.2,0.234,2,143.0,0.526,0.533,0.935,3
WO,55322,로젠버그,3.23,13,0,0,4,4,0,0,0.5,320,1265,75.333,63,13,2,5,3,1,25,0,80,2,0,33,27,0,1.17,0.22,6,142.0,0.593,0.592,0.928,3
WO,69045,알칸타라,3.27,19,0,0,8,4,0,0,0.667,492,1796,121.0,125,20,3,11,6,3,10,0,92,3,0,50,44,0,1.12,0.267,14,149.0,0.629,0.612,0.974,0
WO,67116,오석주,3.7,53,0,0,2,1,0,7,0.667,252,1032,58.333,52,6,1,4,3,4,29,0,44,3,0,24,24,1,1.39,0.249,0,138.0,0.828,0.746,0.902,2
WO,55342,메르세데스,4.47,8,0,0,3,3,0,0,0.5,197,764,46.333,54,12,0,5,2,1,9,0,41,2,1,24,23,0,1.36,0.292,2,141.0,0.556,0.555,0.922,3
WO,53301,박윤성,4.53,54,0,0,0,5,1,6,0.0,226,905,51.667,55,12,0,9,3,0,19,0,40,4,1,31,26,3,1.43,0.271,0,140.0,0.83,0.757,0.915,1
WO,67828,김성민,4.68,29,0,0,0,3,0,1,0.0,113,397,25.0,25,3,3,1,2,1,13,1,18,0,0,15,13,1,1.52,0.272,0,135.0,0.662,0.63,0.882,2
WO,64350,하영민,4.99,28,0,0,7,14,0,0,0.333,669,2506,153.333,169,29,3,13,8,2,41,1,134,7,0,90,85,0,1.37,0.278,14,142.0,0.698,0.655,0.928,2
WO,52395,윤석원,5.54,37,0,0,1,1,0,8,0.5,160,623,37.333,41,9,3,3,1,1,12,2,27,0,0,23,23,1,1.42,0.285,0,142.0,0.716,0.674,0.928,2
WO,66018,김선기,5.65,44,0,0,1,7,0,2,0.125,381,1391,78.0,96,17,0,6,3,5,47,1,43,2,0,55,49,0,1.83,0.305,0,141.0,0.787,0.636,0.922,2
WO,69360,조영건,5.68,51,0,0,5,5,8,7,0.5,353,1330,77.667,84,18,1,12,2,4,38,0,47,5,0,51,49,2,1.57,0.275,0,143.0,0.816,0.692,0.935,2
WO,55313,정현우,5.86,18,0,0,3,7,0,0,0.3,384,1496,81.333,92,20,0,8,3,6,48,0,55,4,2,63,53,0,1.72,0.287,3,139.0,0.633,0.575,0.908,3
WO,76118,원종현,6.13,61,0,0,2,4,5,11,0.333,248,931,54.333,68,8,2,5,7,3,18,2,40,6,0,42,37,6,1.58,0.313,0,144.0,0.867,0.766,0.941,1
WO,54319,김윤하,6.14,19,0,0,0,12,0,0,0.0,422,1645,88.0,113,18,2,16,5,4,44,1,52,2,0,76,60,1,1.78,0.309,4,142.0,0.643,0.572,0.928,3
WO,50036,이강준,6.57,29,0,0,0,3,0,2,0.0,119,492,24.667,29,5,0,3,2,0,17,0,26,2,0,22,18,0,1.86,0.296,0,150.0,0.698,0.649,0.98,0
WO,69328,박주성,6.58,18,0,0,2,3,0,1,0.4,235,865,52.0,63,11,2,9,2,4,16,0,26,2,0,40,38,0,1.52,0.3,2,142.0,0.614,0.573,0.928,3
WO,54368,김연주,6.62,20,0,0,1,3,0,0,0.25,250,939,51.667,67,14,2,10,2,5,25,2,28,0,0,40,38,0,1.78,0.316,0,140.0,0.636,0.572,0.915,3
WO,53164,김동규,6.75,9,0,0,0,0,0,0,0.0,49,203,8.0,13,1,0,2,0,0,11,0,10,4,0,11,6,0,3.0,0.342,0,148.0,0.576,0.541,0.967,0
WO,55394,박정훈,7.43,16,0,0,0,1,1,0,0.0,116,450,23.0,24,6,0,1,1,4,20,0,7,3,0,24,19,0,1.91,0.276,0,146.0,0.61,0.536,0.954,3
WO,67365,양지율,8.36,18,0,0,0,2,0,1,0.0,69,268,14.0,18,1,2,3,0,0,7,0,10,1,0,13,13,0,1.79,0.305,0,140.0,0.618,0.578,0.915,3
WO,55396,윤현,8.59,17,0,0,2,1,0,0,0.667,125,514,22.0,31,4,1,2,0,2,23,0,15,5,0,28,21,1,2.45,0.326,0,143.0,0.637,0.546,0.935,3
WO,55301,이준우,8.61,31,0,0,1,4,0,3,0.2,118,469,23.0,37,7,1,6,2,0,12,0,22,0,0,23,22,0,2.13,0.359,0,141.0,0.717,0.637,0.922,2
WO,54362,전준표,8.85,21,0,0,2,2,0,1,0.5,114,400,20.333,33,8,0,2,3,1,19,3,15,3,0,22,20,0,2.56,0.375,0,146.0,0.644,0.557,0.954,3
WO,55300,손힘찬,11.25,4,0,0,0,0,0,0,0.0,22,84,4.0,5,2,0,0,0,0,4,0,4,1,0,5,5,0,2.25,0.294,0,137.0,0.527,0.527,0.895,3
WO,54363,손현기,15.0,2,0,0,0,0,0,0,0.0,18,78,3.0,4,1,0,1,0,0,6,0,1,1,0,5,5,0,3.33,0.364,0,143.0,0.516,0.51,0.935,3
WO,55377,정세영,16.88,4,0,0,0,1,0,0,0.0,22,84,2.667,9,2,0,0,0,0,4,0,2,1,0,6,5,0,4.88,0.5,0,137.0,0.541,0.505,0.895,3
WO,55359,김서준,20.25,4,0,0,0,0,0,0,0.0,34,123,5.333,14,5,0,2,0,1,5,0,4,1,0,12,12,0,3.56,0.5,0,143.0,0.531,0.515,0.935,3
WO,55382,임진묵,24.55,4,0,0,0,0,0,0,0.0,28,108,3.667,10,2,1,0,0,1,5,0,3,1,0,11,10,0,4.09,0.476,0,140.0,0.538,0.511,0.915,3
